Family (English)	Genus (English)	Species (English)	Seasons Found	Rare or Common
Anatidae (Ducks, Geese, and Swans)	Anser (True Geese)	Greylag Goose	Winter	Rare
Anatidae (Ducks, Geese, and Swans)	Anser (True Geese)	Greater White-fronted Goose	Winter	Uncommon
Anatidae (Ducks, Geese, and Swans)	Branta (Black Geese)	Canada Goose	All seasons	Common
Anatidae (Ducks, Geese, and Swans)	Branta (Black Geese)	Cackling Goose	Winter	Uncommon
Anatidae (Ducks, Geese, and Swans)	Branta (Black Geese)	Brant	Winter	Rare
Anatidae (Ducks, Geese, and Swans)	Cygnus (Swans)	Trumpeter Swan	Winter	Rare
Anatidae (Ducks, Geese, and Swans)	Cygnus (Swans)	Mute Swan	All seasons	Uncommon (introduced)
Anatidae (Ducks, Geese, and Swans)	Aix (Perching Ducks)	Wood Duck	All seasons	Common
Anatidae (Ducks, Geese, and Swans)	Anas (Dabbling Ducks)	Mallard	All seasons	Common
Anatidae (Ducks, Geese, and Swans)	Anas (Dabbling Ducks)	American Black Duck	All seasons	Uncommon
Anatidae (Ducks, Geese, and Swans)	Anas (Dabbling Ducks)	Gadwall	Winter	Common
Anatidae (Ducks, Geese, and Swans)	Anas (Dabbling Ducks)	Northern Pintail	Winter	Common
Anatidae (Ducks, Geese, and Swans)	Anas (Dabbling Ducks)	American Wigeon	Winter	Common
Anatidae (Ducks, Geese, and Swans)	Anas (Dabbling Ducks)	Green-winged Teal	Winter	Common
Anatidae (Ducks, Geese, and Swans)	Spatula (Shovelers & Small Teal)	Northern Shoveler	Winter	Common
Anatidae (Ducks, Geese, and Swans)	Spatula (Shovelers & Small Teal)	Blue-winged Teal	Spring/Fall Migration	Common
Anatidae (Ducks, Geese, and Swans)	Spatula (Shovelers & Small Teal)	Cinnamon Teal	Spring/Fall Migration	Rare
Anatidae (Ducks, Geese, and Swans)	Mareca (Wigeons)	Eurasian Wigeon	Winter	Rare
Anatidae (Ducks, Geese, and Swans)	Mareca (Wigeons)	Falcated Duck	Winter	Very Rare
Anatidae (Ducks, Geese, and Swans)	Aythya (Diving Ducks)	Redhead	Winter	Uncommon
Anatidae (Ducks, Geese, and Swans)	Aythya (Diving Ducks)	Ring-necked Duck	Winter	Common
Anatidae (Ducks, Geese, and Swans)	Aythya (Diving Ducks)	Greater Scaup	Winter	Uncommon
Anatidae (Ducks, Geese, and Swans)	Aythya (Diving Ducks)	Lesser Scaup	Winter	Common
Anatidae (Ducks, Geese, and Swans)	Aythya (Diving Ducks)	Canvasback	Winter	Very Rare
Anatidae (Ducks, Geese, and Swans)	Aythya (Diving Ducks)	Ferruginous Duck	Winter	Common
Anatidae (Ducks, Geese, and Swans)	Bucephala (Goldeneyes)	Common Goldeneye	Winter	Common
Anatidae (Ducks, Geese, and Swans)	Bucephala (Goldeneyes)	Bufflehead	Winter	Rare
Anatidae (Ducks, Geese, and Swans)	Bucephala (Goldeneyes)	Barrow's Goldeneye	Winter	Uncommon
Anatidae (Ducks, Geese, and Swans)	Clangula (Long-tailed Ducks)	Long-tailed Duck	Winter	Rare
Anatidae (Ducks, Geese, and Swans)	Somateria (Eiders)	Common Eider	Winter	Rare
Anatidae (Ducks, Geese, and Swans)	Somateria (Eiders)	King Eider	Winter	Uncommon
Anatidae (Ducks, Geese, and Swans)	Melanitta (Scoters)	White-winged Scoter	Winter	Common
Anatidae (Ducks, Geese, and Swans)	Melanitta (Scoters)	Surf Scoter	Winter	Uncommon
Anatidae (Ducks, Geese, and Swans)	Melanitta (Scoters)	Black Scoter	Winter	Rare
Anatidae (Ducks, Geese, and Swans)	Histrionicus (Harlequin Ducks)	Harlequin Duck	Winter	Very Rare
Anatidae (Ducks, Geese, and Swans)	Mergellus (Smew)	Smew	Winter	Common
Anatidae (Ducks, Geese, and Swans)	Mergus (Mergansers)	Common Merganser	Winter	Common
Anatidae (Ducks, Geese, and Swans)	Mergus (Mergansers)	Red-breasted Merganser	Winter	Common
Anatidae (Ducks, Geese, and Swans)	Mergus (Mergansers)	Brazilian Merganser	Winter	Extremely Rare
Odontophoridae (New World Quail)	Colinus (Bobwhites)	Northern Bobwhite	All seasons	Common
Phasianidae (Turkeys, Grouse, Pheasants)	Meleagris (Turkeys)	Wild Turkey	All seasons	Common
Phasianidae (Turkeys, Grouse, Pheasants)	Bonasa (Ruffed Grouse)	Ruffed Grouse	All seasons	Uncommon
Phasianidae (Turkeys, Grouse, Pheasants)	Phasianus (Pheasants)	Ring-necked Pheasant	All seasons	Uncommon (introduced)
Podicipedidae (Grebes)	Podilymbus (Pied Grebes)	Pied-billed Grebe	All seasons	Common
Podicipedidae (Grebes)	Podiceps (True Grebes)	Horned Grebe	Winter	Uncommon
Columbidae (Pigeons and Doves)	Columba (Rock Pigeons)	Rock Pigeon	All seasons	Common
Columbidae (Pigeons and Doves)	Streptopelia (Collared-Doves)	Eurasian Collared-Dove	All seasons	Common
Columbidae (Pigeons and Doves)	Zenaida (American Doves)	Mourning Dove	All seasons	Common
Columbidae (Pigeons and Doves)	Zenaida (American Doves)	White-winged Dove	Summer	Uncommon
Columbidae (Pigeons and Doves)	Patagioenas (Large American Pigeons)	Band-tailed Pigeon	Summer	Rare (mountains)
Columbidae (Pigeons and Doves)	Columba (Rock Pigeons)	Domestic Pigeon (Feral Type)	All seasons	Common
Columbidae (Pigeons and Doves)	Streptopelia (Collared-Doves)	African Collared-Dove (Domestic Escape)	All seasons	Uncommon (escapee)
Columbidae (Pigeons and Doves)	Zenaida (American Doves)	Zenaida Dove (Rare Coastal Vagrant)	Summer	Rare
Columbidae (Pigeons and Doves)	Columba (Rock Pigeons)	Hill Pigeon (Rare Vagrant)	Winter	Very Rare
Columbidae (Pigeons and Doves)	Zenaida (American Doves)	Eared Dove (Rare Vagrant)	Winter	Very Rare
Columbidae (Pigeons and Doves)	Patagioenas (Large American Pigeons)	Scaly-naped Pigeon (Rare Vagrant)	Summer	Very Rare
Columbidae (Pigeons and Doves)	Columba (Rock Pigeons)	Stock Dove (Very Rare Vagrant)	Winter	Very Rare
Cuculidae (Cuckoos)	Coccyzus (American Cuckoos)	Yellow-billed Cuckoo	Summer	Common
Cuculidae (Cuckoos)	Coccyzus (American Cuckoos)	Black-billed Cuckoo	Summer	Uncommon
Caprimulgidae (Nightjars)	Chordeiles (Nighthawks)	Common Nighthawk	Summer	Common
Caprimulgidae (Nightjars)	Antrostomus (Nightjars)	Chuck-will's-widow	Summer	Common
Caprimulgidae (Nightjars)	Antrostomus (Nightjars)	Eastern Whip-poor-will	Summer	Uncommon
Apodidae (Swifts)	Chaetura (Swifts)	Chimney Swift	Summer	Common
Trochilidae (Hummingbirds)	Archilochus (Hummingbirds)	Ruby-throated Hummingbird	Summer	Common
Trochilidae (Hummingbirds)	Selasphorus (Hummingbirds)	Rufous Hummingbird	Winter	Uncommon
Trochilidae (Hummingbirds)	Archilochus (Hummingbirds)	Black-chinned Hummingbird	Winter	Rare but regular
Rallidae (Rails, Gallinules, Coots)	Rallus (Rails)	Virginia Rail	Winter	Uncommon
Rallidae (Rails, Gallinules, Coots)	Rallus (Rails)	King Rail	All seasons	Uncommon
Rallidae (Rails, Gallinules, Coots)	Porzana (Rails)	Sora	Winter	Common
Rallidae (Rails, Gallinules, Coots)	Gallinula (Gallinules)	Common Gallinule	Summer	Common
Rallidae (Rails, Gallinules, Coots)	Fulica (Coots)	American Coot	Winter	Common
Gruidae (Cranes)	Antigone (Cranes)	Sandhill Crane	Winter	Uncommon
Aramidae (Limpkin)	Aramus (Limpkins)	Limpkin	All seasons	Uncommon
Charadriidae (Plovers)	Charadrius (Small Plovers)	Killdeer	All seasons	Common
Charadriidae (Plovers)	Charadrius (Small Plovers)	Semipalmated Plover	Migration	Common
Charadriidae (Plovers)	Charadrius (Small Plovers)	Wilson's Plover	Summer	Uncommon
Charadriidae (Plovers)	Charadrius (Small Plovers)	Piping Plover	Winter	Uncommon
Charadriidae (Plovers)	Charadrius (Small Plovers)	Snowy Plover	Winter	Rare but regular
Charadriidae (Plovers)	Pluvialis (Golden-Plovers)	American Golden-Plover	Migration	Uncommon
Charadriidae (Plovers)	Pluvialis (Golden-Plovers)	Black-bellied Plover	Winter	Common
Haematopodidae (Oystercatchers)	Haematopus (Oystercatchers)	American Oystercatcher	All seasons	Common
Recurvirostridae (Stilts and Avocets)	Himantopus (Stilts)	Black-necked Stilt	Summer	Uncommon
Recurvirostridae (Stilts and Avocets)	Recurvirostra (Avocets)	American Avocet	Winter	Uncommon
Scolopacidae (Sandpipers)	Calidris (Small Sandpipers)	Least Sandpiper	Migration	Common
Scolopacidae (Sandpipers)	Calidris (Small Sandpipers)	Semipalmated Sandpiper	Migration	Common
Scolopacidae (Sandpipers)	Calidris (Small Sandpipers)	Western Sandpiper	Migration	Uncommon
Scolopacidae (Sandpipers)	Calidris (Small Sandpipers)	White-rumped Sandpiper	Migration	Uncommon
Scolopacidae (Sandpipers)	Calidris (Small Sandpipers)	Pectoral Sandpiper	Migration	Common
Scolopacidae (Sandpipers)	Calidris (Small Sandpipers)	Dunlin	Winter	Common
Scolopacidae (Sandpipers)	Calidris (Small Sandpipers)	Purple Sandpiper	Winter	Uncommon
Scolopacidae (Sandpipers)	Calidris (Small Sandpipers)	Stilt Sandpiper	Migration	Uncommon
Scolopacidae (Sandpipers)	Calidris (Small Sandpipers)	Buff-breasted Sandpiper	Migration	Uncommon
Scolopacidae (Sandpipers)	Calidris (Small Sandpipers)	Short-billed Dowitcher	Migration	Common
Scolopacidae (Sandpipers)	Calidris (Small Sandpipers)	Long-billed Dowitcher	Migration	Uncommon
Scolopacidae (Sandpipers)	Tringa (Shanks)	Greater Yellowlegs	Migration	Common
Scolopacidae (Sandpipers)	Tringa (Shanks)	Lesser Yellowlegs	Migration	Common
Scolopacidae (Sandpipers)	Tringa (Shanks)	Solitary Sandpiper	Migration	Common
Scolopacidae (Sandpipers)	Tringa (Shanks)	Willet	Summer	Common
Scolopacidae (Sandpipers)	Tringa (Shanks)	Spotted Sandpiper	Summer	Common
Scolopacidae (Sandpipers)	Bartramia (Upland Sandpipers)	Upland Sandpiper	Summer	Uncommon
Scolopacidae (Sandpipers)	Numenius (Curlews)	Whimbrel	Migration	Uncommon
Scolopacidae (Sandpipers)	Numenius (Curlews)	Long-billed Curlew	Winter	Rare but regular
Scolopacidae (Sandpipers)	Limosa (Godwits)	Marbled Godwit	Winter	Uncommon
Scolopacidae (Sandpipers)	Limosa (Godwits)	Hudsonian Godwit	Migration	Rare but regular
Scolopacidae (Sandpipers)	Arenaria (Turnstones)	Ruddy Turnstone	Winter	Common
Scolopacidae (Sandpipers)	Arenaria (Turnstones)	Black Turnstone	Winter	Rare but regular
Scolopacidae (Sandpipers)	Calidris (Large Sandpipers)	Red Knot	Migration	Uncommon
Scolopacidae (Sandpipers)	Calidris (Large Sandpipers)	Sanderling	Winter	Common
Scolopacidae (Sandpipers)	Calidris (Large Sandpipers)	Purple Sandpiper	Winter	Uncommon
Scolopacidae (Sandpipers)	Calidris (Large Sandpipers)	Rock Sandpiper	Winter	Rare but regular
Scolopacidae (Sandpipers)	Phalaropus (Phalaropes)	Red-necked Phalarope	Migration	Uncommon
Scolopacidae (Sandpipers)	Phalaropus (Phalaropes)	Red Phalarope	Winter	Uncommon
Scolopacidae (Sandpipers)	Phalaropus (Phalaropes)	Wilson's Phalarope	Migration	Uncommon
Scolopacidae (Sandpipers)	Scolopax (Woodcocks)	American Woodcock	All seasons	Common
Scolopacidae (Sandpipers)	Gallinago (Snipes)	Wilson's Snipe	Winter	Common
Laridae (Gulls)	Chroicocephalus (Small Gulls)	Bonaparte's Gull	Winter	Common
Laridae (Gulls)	Leucophaeus (Dark-hooded Gulls)	Laughing Gull	Summer	Common
Laridae (Gulls)	Leucophaeus (Dark-hooded Gulls)	Franklin's Gull	Migration	Uncommon
Laridae (Gulls)	Hydrocoloeus (Small Gulls)	Little Gull	Winter	Rare but regular
Laridae (Gulls)	Larus (Large Gulls)	Ring-billed Gull	Winter	Common
Laridae (Gulls)	Larus (Large Gulls)	Herring Gull	Winter	Common
Laridae (Gulls)	Larus (Large Gulls)	Great Black-backed Gull	Winter	Uncommon
Laridae (Gulls)	Larus (Large Gulls)	Lesser Black-backed Gull	Winter	Common
Laridae (Gulls)	Larus (Large Gulls)	Iceland Gull	Winter	Rare but regular
Laridae (Gulls)	Larus (Large Gulls)	Glaucous Gull	Winter	Rare but regular
Laridae (Gulls)	Larus (Large Gulls)	Thayer's Gull	Winter	Rare but regular
Laridae (Gulls)	Larus (Large Gulls)	California Gull	Winter	Rare but regular
Laridae (Gulls)	Larus (Large Gulls)	Slaty-backed Gull	Winter	Rare but regular
Laridae (Gulls)	Larus (Large Gulls)	Glaucous-winged Gull	Winter	Rare but regular
Laridae (Gulls)	Larus (Large Gulls)	Kumlien's Gull	Winter	Regular
Laridae (Terns)	Sternula (Small Terns)	Least Tern	Summer	Common
Laridae (Terns)	Gelochelidon (Terns)	Gull-billed Tern	Summer	Uncommon
Laridae (Terns)	Hydroprogne (Large Terns)	Caspian Tern	Migration	Common
Laridae (Terns)	Thalasseus (Crested Terns)	Royal Tern	All seasons	Common
Laridae (Terns)	Thalasseus (Crested Terns)	Sandwich Tern	Summer	Common
Laridae (Terns)	Thalasseus (Crested Terns)	Elegant Tern	Winter	Rare but regular
Laridae (Terns)	Sterna (Typical Terns)	Common Tern	Migration	Common
Laridae (Terns)	Sterna (Typical Terns)	Forster's Tern	Winter	Common
Laridae (Terns)	Sterna (Typical Terns)	Arctic Tern	Migration	Uncommon
Laridae (Terns)	Sterna (Typical Terns)	Roseate Tern	Summer	Rare but regular
Laridae (Terns)	Sterna (Typical Terns)	Black Tern	Migration	Common
Laridae (Terns)	Chlidonias (Marsh Terns)	White-winged Tern	Migration	Rare but regular
Laridae (Terns)	Chlidonias (Marsh Terns)	Whiskered Tern	Migration	Rare but regular
Laridae (Terns)	Onychoprion (Tropical Terns)	Bridled Tern	Summer	Rare but regular
Laridae (Terns)	Onychoprion (Tropical Terns)	Sooty Tern	Summer	Rare but regular
Laridae (Terns)	Onychoprion (Tropical Terns)	Black Noddy	Summer	Rare but regular
Rynchopidae (Skimmers)	Rynchops (Skimmers)	Black Skimmer	Summer	Common
Alcidae (Auks, Murres, Puffins)	Uria (Murres)	Common Murre	Winter	Rare but regular
Alcidae (Auks, Murres, Puffins)	Alca (Razorbills)	Razorbill	Winter	Regular
Alcidae (Auks, Murres, Puffins)	Cepphus (Guillemots)	Black Guillemot	Winter	Rare but regular
Alcidae (Auks, Murres, Puffins)	Fratercula (Puffins)	Atlantic Puffin	Winter	Rare but regular
Columbidae (Pigeons & Doves)	Columba (Pigeons)	Rock Pigeon	All seasons	Common
Columbidae (Pigeons & Doves)	Patagioenas (Pigeons)	Band-tailed Pigeon	Winter	Rare but regular
Columbidae (Pigeons & Doves)	Streptopelia (Doves)	Eurasian Collared-Dove	All seasons	Common
Columbidae (Pigeons & Doves)	Zenaida (Doves)	Mourning Dove	All seasons	Common
Columbidae (Pigeons & Doves)	Zenaida (Doves)	White-winged Dove	Summer	Uncommon
Columbidae (Pigeons & Doves)	Zenaida (Doves)	Zenaida Dove	Summer	Rare but regular
Columbidae (Pigeons & Doves)	Columbina (Ground-Doves)	Common Ground Dove	Summer	Uncommon
Columbidae (Pigeons & Doves)	Columbina (Ground-Doves)	Ruddy Ground Dove	Summer	Rare but regular
Columbidae (Pigeons & Doves)	Geotrygon (Quail-Doves)	Key West Quail-Dove	Summer	Rare but regular
Columbidae (Pigeons & Doves)	Geotrygon (Quail-Doves)	Ruddy Quail-Dove	Summer	Rare but regular
Columbidae (Pigeons & Doves)	Starnoenas (Quail-Doves)	Blue-headed Quail-Dove	Summer	Rare but regular
Columbidae (Pigeons & Doves)	Leptotila (Doves)	White-tipped Dove	Summer	Rare but regular
Columbidae (Pigeons & Doves)	Leptotila (Doves)	Gray-fronted Dove	Summer	Rare but regular
Columbidae (Pigeons & Doves)	Patagioenas (Pigeons)	Pale-vented Pigeon	Summer	Rare but regular
Ardeidae (Herons, Egrets, Bitterns)	Botaurus (Bitterns)	American Bittern	Winter	Uncommon
Ardeidae (Herons, Egrets, Bitterns)	Ixobrychus (Bitterns)	Least Bittern	Summer	Uncommon
Ardeidae (Herons, Egrets, Bitterns)	Nycticorax (Night-Herons)	Black-crowned Night-Heron	All seasons	Common
Ardeidae (Herons, Egrets, Bitterns)	Nyctanassa (Night-Herons)	Yellow-crowned Night-Heron	Summer	Common
Ardeidae (Herons, Egrets, Bitterns)	Butorides (Small Herons)	Green Heron	Summer	Common
Ardeidae (Herons, Egrets, Bitterns)	Ardea (Large Herons)	Great Blue Heron	All seasons	Common
Ardeidae (Herons, Egrets, Bitterns)	Ardea (Large Herons)	Great Egret	All seasons	Common
Ardeidae (Herons, Egrets, Bitterns)	Ardea (Large Herons)	Reddish Egret	Winter	Rare but regular
Ardeidae (Herons, Egrets, Bitterns)	Egretta (Egrets)	Snowy Egret	Summer	Common
Ardeidae (Herons, Egrets, Bitterns)	Egretta (Egrets)	Little Blue Heron	Summer	Common
Ardeidae (Herons, Egrets, Bitterns)	Egretta (Egrets)	Tricolored Heron	Summer	Common
Ardeidae (Herons, Egrets, Bitterns)	Egretta (Egrets)	Cattle Egret	All seasons	Common
Ardeidae (Herons, Egrets, Bitterns)	Egretta (Egrets)	Western Reef-Heron	Summer	Rare but regular
Ardeidae (Herons, Egrets, Bitterns)	Ardea (Large Herons)	Great White Heron	Summer	Rare but regular
Ardeidae (Herons, Egrets, Bitterns)	Ardea (Large Herons)	Wurdemann's Heron	Summer	Rare but regular
Ardeidae (Herons, Egrets, Bitterns)	Ardea (Large Herons)	Little Egret	Summer	Rare but regular
Ardeidae (Herons, Egrets, Bitterns)	Ardea (Large Herons)	Chinese Egret	Summer	Rare but regular
Ardeidae (Herons, Egrets, Bitterns)	Ardea (Large Herons)	Cocoi Heron	Summer	Rare but regular
Threskiornithidae (Ibises & Spoonbills)	Eudocimus (Ibises)	White Ibis	Summer	Common
Threskiornithidae (Ibises & Spoonbills)	Plegadis (Ibises)	Glossy Ibis	Summer	Common
Threskiornithidae (Ibises & Spoonbills)	Platalea (Spoonbills)	Roseate Spoonbill	Summer	Uncommon
Pelecanidae (Pelicans)	Pelecanus (Pelicans)	American White Pelican	Winter	Uncommon
Pelecanidae (Pelicans)	Pelecanus (Pelicans)	Brown Pelican	All seasons	Common
Sulidae (Gannets & Boobies)	Morus (Gannets)	Northern Gannet	Winter	Common
Phalacrocoracidae (Cormorants)	Nannopterum (Cormorants)	Double-crested Cormorant	All seasons	Common
Phalacrocoracidae (Cormorants)	Phalacrocorax (Cormorants)	Great Cormorant	Winter	Rare but regular
Phalacrocoracidae (Cormorants)	Nannopterum (Cormorants)	Neotropic Cormorant	Summer	Uncommon
Anhingidae (Anhingas)	Anhinga (Darters)	Anhinga	Summer	Common
Fregatidae (Frigatebirds)	Fregata (Frigatebirds)	Magnificent Frigatebird	Summer	Regular
Sulidae (Gannets & Boobies)	Sula (Boobies)	Brown Booby	Summer	Rare but regular
Sulidae (Gannets & Boobies)	Sula (Boobies)	Red-footed Booby	Summer	Rare but regular
Sulidae (Gannets & Boobies)	Sula (Boobies)	Masked Booby	Summer	Rare but regular
Sulidae (Gannets & Boobies)	Sula (Boobies)	Blue-footed Booby	Summer	Rare but regular
Phalacrocoracidae (Cormorants)	Phalacrocorax (Cormorants)	Great Cormorant (White-breasted)	Winter	Rare but regular
Phalacrocoracidae (Cormorants)	Urile (Cormorants)	Pelagic Cormorant	Winter	Rare but regular
Anhingidae (Anhingas)	Anhinga (Darters)	American Darter (Anhinga)	All seasons	Common
Gaviidae (Loons)	Gavia (Loons)	Red-throated Loon	Winter	Uncommon
Gaviidae (Loons)	Gavia (Loons)	Pacific Loon	Winter	Rare but regular
Gaviidae (Loons)	Gavia (Loons)	Common Loon	Winter	Common
Gaviidae (Loons)	Gavia (Loons)	Yellow-billed Loon	Winter	Rare but regular
Gaviidae (Loons)	Gavia (Loons)	Arctic Loon	Winter	Rare but regular
Podicipedidae (Grebes)	Tachybaptus (Grebes)	Least Grebe	Summer	Rare but regular
Podicipedidae (Grebes)	Podilymbus (Grebes)	Pied-billed Grebe	All seasons	Common
Podicipedidae (Grebes)	Podiceps (Grebes)	Horned Grebe	Winter	Common
Podicipedidae (Grebes)	Podiceps (Grebes)	Red-necked Grebe	Winter	Rare but regular
Podicipedidae (Grebes)	Podiceps (Grebes)	Eared Grebe	Winter	Uncommon
Podicipedidae (Grebes)	Aechmophorus (Grebes)	Western Grebe	Winter	Rare but regular
Podicipedidae (Grebes)	Aechmophorus (Grebes)	Clark's Grebe	Winter	Rare but regular
Podicipedidae (Grebes)	Podiceps (Grebes)	Black-necked Grebe	Winter	Rare but regular
Podicipedidae (Grebes)	Podiceps (Grebes)	Great Crested Grebe	Winter	Rare but regular
Podicipedidae (Grebes)	Podiceps (Grebes)	Silvery Grebe	Winter	Rare but regular
Podicipedidae (Grebes)	Podiceps (Grebes)	Hoary-headed Grebe	Winter	Rare but regular
Podicipedidae (Grebes)	Podiceps (Grebes)	Australasian Grebe	Winter	Rare but regular
Podicipedidae (Grebes)	Podiceps (Grebes)	New Zealand Grebe	Winter	Rare but regular
Hydrobatidae (Northern Storm-Petrels)	Hydrobates (Storm-Petrels)	Leach's Storm-Petrel	Summer	Common
Hydrobatidae (Northern Storm-Petrels)	Hydrobates (Storm-Petrels)	Band-rumped Storm-Petrel	Summer	Regular
Hydrobatidae (Northern Storm-Petrels)	Hydrobates (Storm-Petrels)	Madeiran Storm-Petrel	Summer	Rare but regular
Hydrobatidae (Northern Storm-Petrels)	Hydrobates (Storm-Petrels)	Swinhoe's Storm-Petrel	Summer	Rare but regular
Hydrobatidae (Northern Storm-Petrels)	Hydrobates (Storm-Petrels)	European Storm-Petrel	Summer	Rare but regular
Hydrobatidae (Northern Storm-Petrels)	Hydrobates (Storm-Petrels)	Monteiro's Storm-Petrel	Summer	Rare but regular
Hydrobatidae (Northern Storm-Petrels)	Hydrobates (Storm-Petrels)	Cape Verde Storm-Petrel	Summer	Rare but regular
Oceanitidae (Southern Storm-Petrels)	Oceanites (Storm-Petrels)	Wilson's Storm-Petrel	Summer	Common
Oceanitidae (Southern Storm-Petrels)	Fregetta (Storm-Petrels)	Black-bellied Storm-Petrel	Summer	Rare but regular
Oceanitidae (Southern Storm-Petrels)	Fregetta (Storm-Petrels)	White-bellied Storm-Petrel	Summer	Rare but regular
Oceanitidae (Southern Storm-Petrels)	Garrodia (Storm-Petrels)	Grey-backed Storm-Petrel	Summer	Rare but regular
Oceanitidae (Southern Storm-Petrels)	Pelagodroma (Storm-Petrels)	White-faced Storm-Petrel	Summer	Rare but regular
Oceanitidae (Southern Storm-Petrels)	Nesofregetta (Storm-Petrels)	Polynesian Storm-Petrel	Summer	Rare but regular
Oceanitidae (Southern Storm-Petrels)	Oceanites (Storm-Petrels)	Elliot's Storm-Petrel	Summer	Rare but regular
Oceanitidae (Southern Storm-Petrels)	Oceanites (Storm-Petrels)	Fuegian Storm-Petrel	Summer	Rare but regular
Oceanitidae (Southern Storm-Petrels)	Oceanites (Storm-Petrels)	New Zealand Storm-Petrel	Summer	Rare but regular
Oceanitidae (Southern Storm-Petrels)	Oceanites (Storm-Petrels)	Black Storm-Petrel	Summer	Rare but regular
Oceanitidae (Southern Storm-Petrels)	Oceanites (Storm-Petrels)	Ashy Storm-Petrel	Summer	Rare but regular
Oceanitidae (Southern Storm-Petrels)	Oceanites (Storm-Petrels)	White-faced Storm-Petrel (Atlantic)	Summer	Rare but regular
Procellariidae (Shearwaters & Petrels)	Calonectris (Shearwaters)	Cory's Shearwater	Summer	Common
Procellariidae (Shearwaters & Petrels)	Calonectris (Shearwaters)	Scopoli's Shearwater	Summer	Regular
Procellariidae (Shearwaters & Petrels)	Ardenna (Shearwaters)	Great Shearwater	Summer	Common
Procellariidae (Shearwaters & Petrels)	Ardenna (Shearwaters)	Sooty Shearwater	Summer	Common
Procellariidae (Shearwaters & Petrels)	Ardenna (Shearwaters)	Short-tailed Shearwater	Summer	Uncommon
Procellariidae (Shearwaters & Petrels)	Ardenna (Shearwaters)	Pink-footed Shearwater	Summer	Uncommon
Procellariidae (Shearwaters & Petrels)	Puffinus (Shearwaters)	Manx Shearwater	Summer	Common
Procellariidae (Shearwaters & Petrels)	Puffinus (Shearwaters)	Audubon's Shearwater	Summer	Common
Procellariidae (Shearwaters & Petrels)	Puffinus (Shearwaters)	Barolo Shearwater	Summer	Rare but regular
Procellariidae (Shearwaters & Petrels)	Pterodroma (Gadfly Petrels)	Black-capped Petrel	Summer	Common
Procellariidae (Shearwaters & Petrels)	Pterodroma (Gadfly Petrels)	Bermuda Petrel	Summer	Rare but regular
Procellariidae (Shearwaters & Petrels)	Pterodroma (Gadfly Petrels)	Trindade Petrel	Summer	Rare but regular
Procellariidae (Shearwaters & Petrels)	Pterodroma (Gadfly Petrels)	Fea's Petrel	Summer	Rare but regular
Procellariidae (Shearwaters & Petrels)	Pterodroma (Gadfly Petrels)	Zino's Petrel	Summer	Rare but regular
Procellariidae (Shearwaters & Petrels)	Pterodroma (Gadfly Petrels)	Atlantic Petrel	Summer	Rare but regular
Procellariidae (Shearwaters & Petrels)	Pterodroma (Gadfly Petrels)	Soft-plumaged Petrel	Summer	Rare but regular
Procellariidae (Shearwaters & Petrels)	Pterodroma (Gadfly Petrels)	Great-winged Petrel	Summer	Rare but regular
Procellariidae (Shearwaters & Petrels)	Pterodroma (Gadfly Petrels)	Herald Petrel	Summer	Rare but regular
Procellariidae (Shearwaters & Petrels)	Pterodroma (Gadfly Petrels)	Murphy's Petrel	Summer	Rare but regular
Procellariidae (Shearwaters & Petrels)	Pterodroma (Gadfly Petrels)	Kermadec Petrel	Summer	Rare but regular
Procellariidae (Shearwaters & Petrels)	Pterodroma (Gadfly Petrels)	White-headed Petrel	Summer	Rare but regular
Procellariidae (Shearwaters & Petrels)	Procellaria (Large Petrels)	White-chinned Petrel	Winter	Rare but regular
Procellariidae (Shearwaters & Petrels)	Procellaria (Large Petrels)	Spectacled Petrel	Winter	Rare but regular
Procellariidae (Shearwaters & Petrels)	Procellaria (Large Petrels)	Westland Petrel	Winter	Rare but regular
Procellariidae (Shearwaters & Petrels)	Fulmarus (Fulmars)	Northern Fulmar	Winter	Common
Procellariidae (Shearwaters & Petrels)	Daption (Petrels)	Cape Petrel	Winter	Rare but regular
Procellariidae (Shearwaters & Petrels)	Pachyptila (Prions)	Antarctic Prion	Winter	Rare but regular
Procellariidae (Shearwaters & Petrels)	Pachyptila (Prions)	Slender-billed Prion	Winter	Rare but regular
Procellariidae (Shearwaters & Petrels)	Pachyptila (Prions)	Fairy Prion	Winter	Rare but regular
Procellariidae (Shearwaters & Petrels)	Halobaena (Petrels)	Blue Petrel	Winter	Rare but regular
Procellariidae (Shearwaters & Petrels)	Macronectes (Giant Petrels)	Northern Giant-Petrel	Winter	Rare but regular
Procellariidae (Shearwaters & Petrels)	Macronectes (Giant Petrels)	Southern Giant-Petrel	Winter	Rare but regular
Procellariidae (Shearwaters & Petrels)	Lugensa (Petrels)	Kerguelen Petrel	Winter	Rare but regular
Procellariidae (Shearwaters & Petrels)	Thalassoica (Petrels)	Antarctic Petrel	Winter	Rare but regular
Procellariidae (Shearwaters & Petrels)	Pterodroma (Gadfly Petrels)	Juan Fernandez Petrel	Summer	Rare but regular
Procellariidae (Shearwaters & Petrels)	Pterodroma (Gadfly Petrels)	Phoenix Petrel	Summer	Rare but regular
Procellariidae (Shearwaters & Petrels)	Pterodroma (Gadfly Petrels)	Cook's Petrel	Summer	Rare but regular
Procellariidae (Shearwaters & Petrels)	Pterodroma (Gadfly Petrels)	Stejneger's Petrel	Summer	Rare but regular
Procellariidae (Shearwaters & Petrels)	Procellaria (Large Petrels)	Black Petrel	Winter	Rare but regular
Procellariidae (Shearwaters & Petrels)	Procellaria (Large Petrels)	Grey Petrel	Winter	Rare but regular
Procellariidae (Shearwaters & Petrels)	Fulmarus (Fulmars)	Southern Fulmar	Winter	Rare but regular
Procellariidae (Shearwaters & Petrels)	Daption (Petrels)	Cape Petrel (Southern)	Winter	Rare but regular
Procellariidae (Shearwaters & Petrels)	Pachyptila (Prions)	Broad-billed Prion	Winter	Rare but regular
Procellariidae (Shearwaters & Petrels)	Pachyptila (Prions)	Salvin's Prion	Winter	Rare but regular
Procellariidae (Shearwaters & Petrels)	Halobaena (Petrels)	Antarctic Blue Petrel	Winter	Rare but regular
Procellariidae (Shearwaters & Petrels)	Macronectes (Giant Petrels)	Giant Petrel (Intermediate)	Winter	Rare but regular
Procellariidae (Shearwaters & Petrels)	Thalassoica (Petrels)	Snow Petrel	Winter	Rare but regular
Procellariidae (Shearwaters & Petrels)	Thalassoica (Petrels)	Light-mantled Albatross	Winter	Rare but regular
Procellariidae (Shearwaters & Petrels)	Thalassoica (Petrels)	Sooty Albatross	Winter	Rare but regular
Diomedeidae (Albatrosses)	Thalassarche (Albatrosses)	Black-browed Albatross	Winter	Rare but regular
Diomedeidae (Albatrosses)	Thalassarche (Albatrosses)	Shy Albatross	Winter	Rare but regular
Diomedeidae (Albatrosses)	Thalassarche (Albatrosses)	White-capped Albatross	Winter	Rare but regular
Diomedeidae (Albatrosses)	Thalassarche (Albatrosses)	Atlantic Yellow-nosed Albatross	Summer	Rare but regular
Diomedeidae (Albatrosses)	Thalassarche (Albatrosses)	Indian Yellow-nosed Albatross	Summer	Rare but regular
Diomedeidae (Albatrosses)	Diomedea (Great Albatrosses)	Wandering Albatross	Winter	Rare but regular
Diomedeidae (Albatrosses)	Diomedea (Great Albatrosses)	Antipodean Albatross	Winter	Rare but regular
Diomedeidae (Albatrosses)	Diomedea (Great Albatrosses)	Tristan Albatross	Winter	Rare but regular
Diomedeidae (Albatrosses)	Diomedea (Great Albatrosses)	Northern Royal Albatross	Winter	Rare but regular
Diomedeidae (Albatrosses)	Diomedea (Great Albatrosses)	Southern Royal Albatross	Winter	Rare but regular
Diomedeidae (Albatrosses)	Phoebetria (Albatrosses)	Light-mantled Albatross	Winter	Rare but regular
Diomedeidae (Albatrosses)	Phoebetria (Albatrosses)	Sooty Albatross	Winter	Rare but regular
Diomedeidae (Albatrosses)	Diomedea (Great Albatrosses)	Amsterdam Albatross	Winter	Rare but regular
Diomedeidae (Albatrosses)	Thalassarche (Albatrosses)	Campbell Albatross	Winter	Rare but regular
Diomedeidae (Albatrosses)	Thalassarche (Albatrosses)	Chatham Albatross	Winter	Rare but regular
Diomedeidae (Albatrosses)	Thalassarche (Albatrosses)	Salvin's Albatross	Winter	Rare but regular
Diomedeidae (Albatrosses)	Thalassarche (Albatrosses)	Buller's Albatross	Winter	Rare but regular
Diomedeidae (Albatrosses)	Thalassarche (Albatrosses)	Grey-headed Albatross	Winter	Rare but regular
Ciconiidae (Storks)	Mycteria (Storks)	Wood Stork	All seasons	Common
Ciconiidae (Storks)	Mycteria (Storks)	Maguari Stork	Summer	Rare but regular
Ciconiidae (Storks)	Mycteria (Storks)	Yellow-billed Stork	Summer	Rare but regular
Ciconiidae (Storks)	Ciconia (Storks)	White Stork	Summer	Rare but regular
Ciconiidae (Storks)	Ciconia (Storks)	Black Stork	Summer	Rare but regular
Ciconiidae (Storks)	Ciconia (Storks)	Abdim's Stork	Summer	Rare but regular
Ciconiidae (Storks)	Ciconia (Storks)	African Openbill	Summer	Rare but regular
Ciconiidae (Storks)	Ciconia (Storks)	Asian Openbill	Summer	Rare but regular
Ciconiidae (Storks)	Leptoptilos (Marabou Storks)	Lesser Adjutant	Summer	Rare but regular
Ciconiidae (Storks)	Leptoptilos (Marabou Storks)	Greater Adjutant	Summer	Rare but regular
Ciconiidae (Storks)	Leptoptilos (Marabou Storks)	Marabou Stork	Summer	Rare but regular
Ciconiidae (Storks)	Ephippiorhynchus (Saddle-billed Storks)	Saddle-billed Stork	Summer	Rare but regular
Ciconiidae (Storks)	Ephippiorhynchus (Saddle-billed Storks)	Black-necked Stork	Summer	Rare but regular
Ciconiidae (Storks)	Jabiru (Storks)	Jabiru	Summer	Rare but regular
Ciconiidae (Storks)	Ciconia (Storks)	Oriental Stork	Summer	Rare but regular
Ciconiidae (Storks)	Ciconia (Storks)	Storm's Stork	Summer	Rare but regular
Ciconiidae (Storks)	Ciconia (Storks)	Woolly-necked Stork	Summer	Rare but regular
Ciconiidae (Storks)	Ciconia (Storks)	African Woolly-necked Stork	Summer	Rare but regular
Ciconiidae (Storks)	Ciconia (Storks)	Black Stork (Eastern)	Summer	Rare but regular
Pandionidae (Osprey)	Pandion (Osprey)	Osprey	All seasons	Common
Accipitridae (Hawks, Eagles, Kites)	Elanus (Kites)	White-tailed Kite	Winter	Rare but regular
Accipitridae (Hawks, Eagles, Kites)	Chondrohierax (Kites)	Hook-billed Kite	Summer	Rare but regular
Accipitridae (Hawks, Eagles, Kites)	Ictinia (Kites)	Mississippi Kite	Summer	Common
Accipitridae (Hawks, Eagles, Kites)	Rostrhamus (Kites)	Snail Kite	Summer	Rare but regular
Accipitridae (Hawks, Eagles, Kites)	Helicolestes (Kites)	Slender-billed Kite	Summer	Rare but regular
Accipitridae (Hawks, Eagles, Kites)	Circus (Harriers)	Northern Harrier	Winter	Common
Accipitridae (Hawks, Eagles, Kites)	Accipiter (Hawks)	Sharp-shinned Hawk	Winter	Common
Accipitridae (Hawks, Eagles, Kites)	Accipiter (Hawks)	Cooper's Hawk	All seasons	Common
Accipitridae (Hawks, Eagles, Kites)	Accipiter (Hawks)	Northern Goshawk	Winter	Uncommon
Accipitridae (Hawks, Eagles, Kites)	Buteo (Hawks)	Red-shouldered Hawk	All seasons	Common
Accipitridae (Hawks, Eagles, Kites)	Buteo (Hawks)	Broad-winged Hawk	Summer	Common
Accipitridae (Hawks, Eagles, Kites)	Buteo (Hawks)	Red-tailed Hawk	All seasons	Common
Accipitridae (Hawks, Eagles, Kites)	Buteo (Hawks)	Rough-legged Hawk	Winter	Uncommon
Accipitridae (Hawks, Eagles, Kites)	Buteo (Hawks)	Swainson's Hawk	Spring/Fall	Rare but regular
Accipitridae (Hawks, Eagles, Kites)	Haliaeetus (Eagles)	Bald Eagle	All seasons	Common
Accipitridae (Hawks, Eagles, Kites)	Haliaeetus (Eagles)	Golden Eagle	Winter	Uncommon
Accipitridae (Hawks, Eagles, Kites)	Cathartes (Vultures)	Turkey Vulture	All seasons	Common
Accipitridae (Hawks, Eagles, Kites)	Coragyps (Vultures)	Black Vulture	All seasons	Common
Falconidae (Falcons & Caracaras)	Caracara (Caracaras)	Crested Caracara	Year-round	Rare but regular
Falconidae (Falcons & Caracaras)	Falco (Falcons)	American Kestrel	All seasons	Common
Falconidae (Falcons & Caracaras)	Falco (Falcons)	Merlin	Winter	Common
Falconidae (Falcons & Caracaras)	Falco (Falcons)	Peregrine Falcon	Spring/Fall	Common
Falconidae (Falcons & Caracaras)	Falco (Falcons)	Prairie Falcon	Winter	Rare but regular
Falconidae (Falcons & Caracaras)	Falco (Falcons)	Gyrfalcon	Winter	Rare but regular
Falconidae (Falcons & Caracaras)	Falco (Falcons)	Aplomado Falcon	Summer	Rare but regular
Falconidae (Falcons & Caracaras)	Falco (Falcons)	Bat Falcon	Summer	Rare but regular
Falconidae (Falcons & Caracaras)	Falco (Falcons)	Orange-breasted Falcon	Summer	Rare but regular
Falconidae (Falcons & Caracaras)	Falco (Falcons)	Lanner Falcon	Summer	Rare but regular
Falconidae (Falcons & Caracaras)	Falco (Falcons)	Saker Falcon	Winter	Rare but regular
Falconidae (Falcons & Caracaras)	Falco (Falcons)	Laggar Falcon	Winter	Rare but regular
Falconidae (Falcons & Caracaras)	Falco (Falcons)	Red-footed Falcon	Summer	Rare but regular
Falconidae (Falcons & Caracaras)	Falco (Falcons)	Amur Falcon	Fall	Rare but regular
Falconidae (Falcons & Caracaras)	Falco (Falcons)	Eleonora's Falcon	Fall	Rare but regular
Falconidae (Falcons & Caracaras)	Falco (Falcons)	Sooty Falcon	Fall	Rare but regular
Falconidae (Falcons & Caracaras)	Falco (Falcons)	Barbary Falcon	Fall	Rare but regular
Falconidae (Falcons & Caracaras)	Falco (Falcons)	Brown Falcon	Winter	Rare but regular
Rallidae (Rails, Gallinules, Coots)	Rallus (Rails)	Clapper Rail	All seasons	Common
Rallidae (Rails, Gallinules, Coots)	Rallus (Rails)	King Rail	All seasons	Uncommon
Rallidae (Rails, Gallinules, Coots)	Rallus (Rails)	Virginia Rail	Winter	Common
Rallidae (Rails, Gallinules, Coots)	Rallus (Rails)	Sora	Winter	Common
Rallidae (Rails, Gallinules, Coots)	Laterallus (Rails)	Black Rail	Summer	Uncommon
Rallidae (Rails, Gallinules, Coots)	Laterallus (Rails)	Yellow Rail	Winter	Uncommon
Rallidae (Rails, Gallinules, Coots)	Porzana (Rails)	Spotted Crake	Winter	Rare but regular
Rallidae (Rails, Gallinules, Coots)	Porzana (Rails)	Baillon's Crake	Winter	Rare but regular
Rallidae (Rails, Gallinules, Coots)	Porzana (Rails)	Little Crake	Winter	Rare but regular
Rallidae (Rails, Gallinules, Coots)	Gallinula (Gallinules)	Common Gallinule	All seasons	Common
Rallidae (Rails, Gallinules, Coots)	Porphyrio (Swamphens)	Purple Gallinule	Summer	Uncommon
Rallidae (Rails, Gallinules, Coots)	Fulica (Coots)	American Coot	All seasons	Common
Rallidae (Rails, Gallinules, Coots)	Fulica (Coots)	Caribbean Coot	Summer	Rare but regular
Rallidae (Rails, Gallinules, Coots)	Porphyrio (Swamphens)	Gray-headed Swamphen	All seasons	Uncommon
Rallidae (Rails, Gallinules, Coots)	Porphyrio (Swamphens)	Allen's Gallinule	Summer	Rare but regular
Rallidae (Rails, Gallinules, Coots)	Amaurornis (Rails)	White-breasted Waterhen	Summer	Rare but regular
Rallidae (Rails, Gallinules, Coots)	Amaurornis (Rails)	Plain-backed Crake	Summer	Rare but regular
Rallidae (Rails, Gallinules, Coots)	Zapornia (Rails)	Ruddy-breasted Crake	Summer	Rare but regular
Gruidae (Cranes)	Antigone (Cranes)	Sandhill Crane	Winter	Common
Gruidae (Cranes)	Grus (Cranes)	Whooping Crane	Winter	Uncommon
Gruidae (Cranes)	Antigone (Cranes)	Greater Sandhill Crane	Winter	Common
Gruidae (Cranes)	Antigone (Cranes)	Lesser Sandhill Crane	Winter	Common
Gruidae (Cranes)	Antigone (Cranes)	Cuban Sandhill Crane	Winter	Rare but regular
Gruidae (Cranes)	Antigone (Cranes)	Mississippi Sandhill Crane	Winter	Rare but regular
Gruidae (Cranes)	Grus (Cranes)	Common Crane	Winter	Rare but regular
Gruidae (Cranes)	Grus (Cranes)	Hooded Crane	Winter	Rare but regular
Gruidae (Cranes)	Grus (Cranes)	White-naped Crane	Winter	Rare but regular
Gruidae (Cranes)	Grus (Cranes)	Siberian Crane	Winter	Rare but regular
Gruidae (Cranes)	Grus (Cranes)	Demoiselle Crane	Winter	Rare but regular
Gruidae (Cranes)	Grus (Cranes)	Blue Crane	Winter	Rare but regular
Gruidae (Cranes)	Grus (Cranes)	Black-necked Crane	Winter	Rare but regular
Gruidae (Cranes)	Grus (Cranes)	Wattled Crane	Winter	Rare but regular
Gruidae (Cranes)	Grus (Cranes)	Black Crowned Crane	Summer	Rare but regular
Gruidae (Cranes)	Grus (Cranes)	Gray Crowned Crane	Summer	Rare but regular
Gruidae (Cranes)	Grus (Cranes)	Sarolga (Hybrid Crane)	Winter	Rare but regular
Gruidae (Cranes)	Grus (Cranes)	Australian Crane	Winter	Rare but regular
Charadriidae (Plovers & Lapwings)	Pluvialis (Plovers)	Black-bellied Plover	Winter	Common
Charadriidae (Plovers & Lapwings)	Pluvialis (Plovers)	American Golden-Plover	Spring/Fall	Common
Charadriidae (Plovers & Lapwings)	Pluvialis (Plovers)	Pacific Golden-Plover	Fall/Winter	Rare but regular
Charadriidae (Plovers & Lapwings)	Charadrius (Plovers)	Killdeer	All seasons	Common
Charadriidae (Plovers & Lapwings)	Charadrius (Plovers)	Semipalmated Plover	Spring/Fall	Common
Charadriidae (Plovers & Lapwings)	Charadrius (Plovers)	Piping Plover	Summer	Uncommon
Charadriidae (Plovers & Lapwings)	Charadrius (Plovers)	Wilson's Plover	Summer	Common
Charadriidae (Plovers & Lapwings)	Charadrius (Plovers)	Snowy Plover	Winter	Rare but regular
Charadriidae (Plovers & Lapwings)	Charadrius (Plovers)	Mountain Plover	Winter	Rare but regular
Charadriidae (Plovers & Lapwings)	Charadrius (Plovers)	Kentish Plover	Winter	Rare but regular
Charadriidae (Plovers & Lapwings)	Charadrius (Plovers)	Little Ringed Plover	Spring/Fall	Rare but regular
Charadriidae (Plovers & Lapwings)	Vanellus (Lapwings)	Northern Lapwing	Winter	Rare but regular
Charadriidae (Plovers & Lapwings)	Vanellus (Lapwings)	Southern Lapwing	Summer	Rare but regular
Charadriidae (Plovers & Lapwings)	Vanellus (Lapwings)	Red-wattled Lapwing	Summer	Rare but regular
Charadriidae (Plovers & Lapwings)	Vanellus (Lapwings)	Spur-winged Lapwing	Summer	Rare but regular
Charadriidae (Plovers & Lapwings)	Vanellus (Lapwings)	Blacksmith Lapwing	Summer	Rare but regular
Charadriidae (Plovers & Lapwings)	Vanellus (Lapwings)	Red-kneed Dotterel	Summer	Rare but regular
Scolopacidae (Sandpipers)	Tringa (Yellowlegs)	Greater Yellowlegs	Spring/Fall	Common
Scolopacidae (Sandpipers)	Tringa (Yellowlegs)	Lesser Yellowlegs	Spring/Fall	Common
Scolopacidae (Sandpipers)	Tringa (Sandpipers)	Solitary Sandpiper	Spring/Fall	Common
Scolopacidae (Sandpipers)	Tringa (Sandpipers)	Willet	Summer	Common
Scolopacidae (Sandpipers)	Tringa (Sandpipers)	Spotted Sandpiper	Summer	Common
Scolopacidae (Sandpipers)	Tringa (Sandpipers)	Common Sandpiper	Winter	Rare but regular
Scolopacidae (Sandpipers)	Calidris (Sandpipers)	Least Sandpiper	Spring/Fall	Common
Scolopacidae (Sandpipers)	Calidris (Sandpipers)	Semipalmated Sandpiper	Spring/Fall	Common
Scolopacidae (Sandpipers)	Calidris (Sandpipers)	Western Sandpiper	Spring/Fall	Common
Scolopacidae (Sandpipers)	Calidris (Sandpipers)	White-rumped Sandpiper	Spring/Fall	Common
Scolopacidae (Sandpipers)	Calidris (Sandpipers)	Baird's Sandpiper	Fall	Common
Scolopacidae (Sandpipers)	Calidris (Sandpipers)	Pectoral Sandpiper	Spring/Fall	Common
Scolopacidae (Sandpipers)	Calidris (Sandpipers)	Sharp-tailed Sandpiper	Fall	Rare but regular
Scolopacidae (Sandpipers)	Calidris (Sandpipers)	Dunlin	Winter	Common
Scolopacidae (Sandpipers)	Calidris (Sandpipers)	Purple Sandpiper	Winter	Uncommon
Scolopacidae (Sandpipers)	Calidris (Sandpipers)	Red Knot	Spring/Fall	Uncommon
Scolopacidae (Sandpipers)	Calidris (Sandpipers)	Curlew Sandpiper	Spring/Fall	Rare but regular
Scolopacidae (Sandpipers)	Calidris (Sandpipers)	Stilt Sandpiper	Spring/Fall	Common
Scolopacidae (Sandpipers)	Limosa (Godwits)	Marbled Godwit	Winter	Uncommon
Scolopacidae (Sandpipers)	Limosa (Godwits)	Hudsonian Godwit	Spring/Fall	Uncommon
Scolopacidae (Sandpipers)	Limosa (Godwits)	Bar-tailed Godwit	Fall/Winter	Rare but regular
Scolopacidae (Sandpipers)	Numenius (Curlews)	Long-billed Curlew	Winter	Rare but regular
Scolopacidae (Sandpipers)	Numenius (Curlews)	Whimbrel	Spring/Fall	Common
Scolopacidae (Sandpipers)	Numenius (Curlews)	Eurasian Curlew	Winter	Rare but regular
Scolopacidae (Sandpipers)	Numenius (Curlews)	Little Curlew	Fall	Rare but regular
Scolopacidae (Sandpipers)	Limnodromus (Dowitchers)	Short-billed Dowitcher	Spring/Fall	Common
Scolopacidae (Sandpipers)	Limnodromus (Dowitchers)	Long-billed Dowitcher	Fall/Winter	Common
Scolopacidae (Sandpipers)	Gallinago (Snipe)	Wilson's Snipe	Winter	Common
Scolopacidae (Sandpipers)	Gallinago (Snipe)	Common Snipe	Winter	Rare but regular
Scolopacidae (Sandpipers)	Scolopax (Woodcocks)	American Woodcock	All seasons	Common
Scolopacidae (Sandpipers)	Scolopax (Woodcocks)	Eurasian Woodcock	Winter	Rare but regular
Scolopacidae (Sandpipers)	Phalaropus (Phalaropes)	Red-necked Phalarope	Spring/Fall	Uncommon
Scolopacidae (Sandpipers)	Phalaropus (Phalaropes)	Red Phalarope	Fall/Winter	Uncommon
Scolopacidae (Sandpipers)	Phalaropus (Phalaropes)	Wilson's Phalarope	Spring/Fall	Uncommon
Scolopacidae (Sandpipers)	Arenaria (Turnstones)	Ruddy Turnstone	Spring/Fall	Common
Scolopacidae (Sandpipers)	Arenaria (Turnstones)	Black Turnstone	Winter	Rare but regular
Scolopacidae (Sandpipers)	Calidris (Sandpipers)	Rock Sandpiper	Winter	Rare but regular
Scolopacidae (Sandpipers)	Calidris (Sandpipers)	Surfbird	Winter	Rare but regular
Scolopacidae (Sandpipers)	Calidris (Sandpipers)	Buff-breasted Sandpiper	Fall	Uncommon
Scolopacidae (Sandpipers)	Calidris (Sandpipers)	Ruff	Spring/Fall	Rare but regular
Scolopacidae (Sandpipers)	Calidris (Sandpipers)	Broad-billed Sandpiper	Fall	Rare but regular
Scolopacidae (Sandpipers)	Calidris (Sandpipers)	Temminck's Stint	Fall	Rare but regular
Scolopacidae (Sandpipers)	Calidris (Sandpipers)	Long-toed Stint	Fall	Rare but regular
Scolopacidae (Sandpipers)	Calidris (Sandpipers)	Spoon-billed Sandpiper	Fall	Rare but regular
Scolopacidae (Sandpipers)	Xenus (Tattlers)	Terek Sandpiper	Fall	Rare but regular
Scolopacidae (Sandpipers)	Heteroscelus (Tattlers)	Wandering Tattler	Winter	Rare but regular
Scolopacidae (Sandpipers)	Heteroscelus (Tattlers)	Gray-tailed Tattler	Fall	Rare but regular
Scolopacidae (Sandpipers)	Arenaria (Turnstones)	Great Knot	Fall	Rare but regular
Scolopacidae (Sandpipers)	Arenaria (Turnstones)	Surfbird (Pacific)	Winter	Rare but regular
Scolopacidae (Sandpipers)	Aphriza (Surfbirds)	Surfbird (Atlantic)	Winter	Rare but regular
Scolopacidae (Sandpipers)	Calidris (Sandpipers)	Sanderling	Winter	Common
Scolopacidae (Sandpipers)	Calidris (Sandpipers)	Purple Sandpiper (Atlantic)	Winter	Uncommon
Scolopacidae (Sandpipers)	Calidris (Sandpipers)	Red-necked Stint	Fall	Rare but regular
Laridae (Gulls)	Larus (Gulls)	Herring Gull	Winter	Common
Laridae (Gulls)	Larus (Gulls)	Ring-billed Gull	Winter	Common
Laridae (Gulls)	Larus (Gulls)	Great Black-backed Gull	Winter	Common
Laridae (Gulls)	Larus (Gulls)	Lesser Black-backed Gull	Winter	Common
Laridae (Gulls)	Larus (Gulls)	Iceland Gull	Winter	Uncommon
Laridae (Gulls)	Larus (Gulls)	Glaucous Gull	Winter	Uncommon
Laridae (Gulls)	Larus (Gulls)	Slaty-backed Gull	Winter	Rare but regular
Laridae (Gulls)	Larus (Gulls)	Thayer's Gull	Winter	Uncommon
Laridae (Gulls)	Larus (Gulls)	Kelp Gull	Summer	Rare but regular
Laridae (Gulls)	Larus (Gulls)	Western Gull	Winter	Rare but regular
Laridae (Gulls)	Chroicocephalus (Small Gulls)	Bonaparte's Gull	Winter	Common
Laridae (Gulls)	Chroicocephalus (Small Gulls)	Black-headed Gull	Winter	Uncommon
Laridae (Gulls)	Chroicocephalus (Small Gulls)	Little Gull	Winter	Uncommon
Laridae (Gulls)	Ichthyaetus (Gulls)	Mediterranean Gull	Winter	Rare but regular
Laridae (Gulls)	Ichthyaetus (Gulls)	Pallas's Gull	Winter	Rare but regular
Laridae (Gulls)	Ichthyaetus (Gulls)	Relict Gull	Winter	Rare but regular
Laridae (Gulls)	Ichthyaetus (Gulls)	Audouin's Gull	Summer	Rare but regular
Laridae (Gulls)	Ichthyaetus (Gulls)	Sooty Gull	Summer	Rare but regular
Laridae (Gulls)	Ichthyaetus (Gulls)	White-eyed Gull	Summer	Rare but regular
Laridae (Terns)	Sterna (Terns)	Common Tern	Spring/Fall	Common
Laridae (Terns)	Sterna (Terns)	Arctic Tern	Spring/Fall	Uncommon
Laridae (Terns)	Sterna (Terns)	Forster's Tern	Winter	Common
Laridae (Terns)	Sterna (Terns)	Roseate Tern	Summer	Uncommon
Laridae (Terns)	Sterna (Terns)	Black Tern	Spring/Fall	Common
Laridae (Terns)	Sterna (Terns)	White-winged Tern	Spring/Fall	Rare but regular
Laridae (Terns)	Sterna (Terns)	Whiskered Tern	Fall	Rare but regular
Laridae (Terns)	Sterna (Terns)	Gull-billed Tern	Summer	Common
Laridae (Terns)	Sterna (Terns)	Caspian Tern	Spring/Fall	Common
Laridae (Terns)	Sterna (Terns)	Royal Tern	Summer	Common
Laridae (Terns)	Sterna (Terns)	Sandwich Tern	Summer	Common
Laridae (Terns)	Sterna (Terns)	Elegant Tern	Summer	Rare but regular
Laridae (Terns)	Sterna (Terns)	Lesser Crested Tern	Summer	Rare but regular
Laridae (Terns)	Sterna (Terns)	Black-naped Tern	Summer	Rare but regular
Laridae (Terns)	Sterna (Terns)	Little Tern	Summer	Rare but regular
Laridae (Terns)	Sterna (Terns)	Least Tern	Summer	Common
Laridae (Terns)	Sterna (Terns)	Bridled Tern	Summer	Uncommon
Laridae (Terns)	Sterna (Terns)	Sooty Tern	Summer	Uncommon
Laridae (Terns)	Sterna (Terns)	Brown Noddy	Summer	Uncommon
Laridae (Skimmers)	Rynchops (Skimmers)	Black Skimmer	Summer	Common
Laridae (Noddies)	Anous (Noddies)	Black Noddy	Summer	Rare but regular
Laridae (Noddies)	Anous (Noddies)	Lesser Noddy	Summer	Rare but regular
Laridae (Noddies)	Anous (Noddies)	Blue Noddy	Summer	Rare but regular
Laridae (Terns)	Onychoprion (Terns)	Black Noddy (Atlantic)	Summer	Rare but regular
Laridae (Terns)	Onychoprion (Terns)	Brown Noddy (Atlantic)	Summer	Uncommon
Laridae (Terns)	Sterna (Terns)	White Tern	Summer	Rare but regular
Laridae (Terns)	Sterna (Terns)	Black-fronted Tern	Winter	Rare but regular
Laridae (Terns)	Sterna (Terns)	Aleutian Tern	Fall	Rare but regular
Laridae (Terns)	Sterna (Terns)	White-cheeked Tern	Summer	Rare but regular
Laridae (Terns)	Sterna (Terns)	Saunders's Tern	Summer	Rare but regular
Laridae (Terns)	Sterna (Terns)	Damara Tern	Summer	Rare but regular
Laridae (Terns)	Sterna (Terns)	Fairy Tern	Summer	Rare but regular
Laridae (Terns)	Sterna (Terns)	Sooty Tern (Atlantic)	Summer	Uncommon
Laridae (Terns)	Sterna (Terns)	Bridled Tern (Atlantic)	Summer	Uncommon
Laridae (Terns)	Sterna (Terns)	White Tern (Pacific)	Summer	Rare but regular
Laridae (Terns)	Sterna (Terns)	Gray-backed Tern	Summer	Rare but regular
Laridae (Terns)	Sterna (Terns)	Black Tern (Atlantic)	Spring/Fall	Common
Alcidae (Auks)	Alle (Dovekies)	Dovekie	Winter	Common
Alcidae (Auks)	Cepphus (Guillemots)	Black Guillemot	Winter	Uncommon
Alcidae (Auks)	Cepphus (Guillemots)	Pigeon Guillemot	Winter	Rare but regular
Alcidae (Auks)	Uria (Murres)	Common Murre	Winter	Uncommon
Alcidae (Auks)	Uria (Murres)	Thick-billed Murre	Winter	Uncommon
Alcidae (Auks)	Alca (Razorbills)	Razorbill	Winter	Common
Alcidae (Auks)	Fratercula (Puffins)	Atlantic Puffin	Winter	Uncommon
Alcidae (Auks)	Fratercula (Puffins)	Horned Puffin	Winter	Rare but regular
Alcidae (Auks)	Fratercula (Puffins)	Tufted Puffin	Winter	Rare but regular
Alcidae (Auks)	Brachyramphus (Murrelets)	Marbled Murrelet	Winter	Rare but regular
Alcidae (Auks)	Brachyramphus (Murrelets)	Kittlitz's Murrelet	Winter	Rare but regular
Alcidae (Auks)	Synthliboramphus (Murrelets)	Ancient Murrelet	Winter	Uncommon
Alcidae (Auks)	Synthliboramphus (Murrelets)	Japanese Murrelet	Winter	Rare but regular
Alcidae (Auks)	Aethia (Auklets)	Least Auklet	Winter	Rare but regular
Alcidae (Auks)	Aethia (Auklets)	Crested Auklet	Winter	Rare but regular
Alcidae (Auks)	Aethia (Auklets)	Parakeet Auklet	Winter	Rare but regular
Alcidae (Auks)	Aethia (Auklets)	Whiskered Auklet	Winter	Rare but regular
Alcidae (Auks)	Ptychoramphus (Auklets)	Cassin's Auklet	Winter	Uncommon
Gaviidae (Loons)	Gavia (Loons)	Common Loon	Winter	Common
Gaviidae (Loons)	Gavia (Loons)	Red-throated Loon	Winter	Uncommon
Gaviidae (Loons)	Gavia (Loons)	Pacific Loon	Winter	Uncommon
Gaviidae (Loons)	Gavia (Loons)	Arctic Loon	Winter	Rare but regular
Gaviidae (Loons)	Gavia (Loons)	Yellow-billed Loon	Winter	Rare but regular
Gaviidae (Loons)	Gavia (Loons)	Black-throated Loon	Winter	Rare but regular
Gaviidae (Loons)	Gavia (Loons)	White-billed Loon	Winter	Rare but regular
Gaviidae (Loons)	Gavia (Loons)	Common Loon (Atlantic)	Winter	Common
Gaviidae (Loons)	Gavia (Loons)	Pacific Loon (Atlantic)	Winter	Uncommon
Gaviidae (Loons)	Gavia (Loons)	Red-throated Loon (Atlantic)	Winter	Uncommon
Gaviidae (Loons)	Gavia (Loons)	Arctic Loon (Atlantic)	Winter	Rare but regular
Gaviidae (Loons)	Gavia (Loons)	Yellow-billed Loon (Atlantic)	Winter	Rare but regular
Gaviidae (Loons)	Gavia (Loons)	Pacific Diver	Winter	Rare but regular
Gaviidae (Loons)	Gavia (Loons)	Black-throated Diver	Winter	Rare but regular
Gaviidae (Loons)	Gavia (Loons)	Great Northern Diver	Winter	Common
Gaviidae (Loons)	Gavia (Loons)	Pacific Loon (Boreal)	Winter	Uncommon
Gaviidae (Loons)	Gavia (Loons)	Red-throated Loon (Boreal)	Winter	Uncommon
Gaviidae (Loons)	Gavia (Loons)	Arctic Loon (Boreal)	Winter	Rare but regular
Gaviidae (Loons)	Gavia (Loons)	Yellow-billed Loon (Boreal)	Winter	Rare but regular
Podicipedidae (Grebes)	Podilymbus (Grebes)	Pied-billed Grebe	All seasons	Common
Podicipedidae (Grebes)	Tachybaptus (Grebes)	Least Grebe	Summer	Rare but regular
Podicipedidae (Grebes)	Tachybaptus (Grebes)	Little Grebe	Winter	Rare but regular
Podicipedidae (Grebes)	Podiceps (Grebes)	Horned Grebe	Winter	Common
Podicipedidae (Grebes)	Podiceps (Grebes)	Eared Grebe	Winter	Uncommon
Podicipedidae (Grebes)	Podiceps (Grebes)	Red-necked Grebe	Winter	Uncommon
Podicipedidae (Grebes)	Podiceps (Grebes)	Great Crested Grebe	Winter	Rare but regular
Podicipedidae (Grebes)	Podiceps (Grebes)	Black-necked Grebe	Winter	Uncommon
Podicipedidae (Grebes)	Podiceps (Grebes)	Slavonian Grebe	Winter	Uncommon
Podicipedidae (Grebes)	Podiceps (Grebes)	Western Grebe	Winter	Rare but regular
Podicipedidae (Grebes)	Podiceps (Grebes)	Clark's Grebe	Winter	Rare but regular
Podicipedidae (Grebes)	Podiceps (Grebes)	Silvery Grebe	Winter	Rare but regular
Podicipedidae (Grebes)	Podiceps (Grebes)	Hooded Grebe	Winter	Rare but regular
Podicipedidae (Grebes)	Podiceps (Grebes)	Great Grebe	Winter	Rare but regular
Podicipedidae (Grebes)	Podiceps (Grebes)	New Zealand Grebe	Winter	Rare but regular
Podicipedidae (Grebes)	Podiceps (Grebes)	Australasian Grebe	Winter	Rare but regular
Podicipedidae (Grebes)	Podiceps (Grebes)	Madagascar Grebe	Winter	Rare but regular
Podicipedidae (Grebes)	Podiceps (Grebes)	Colombian Grebe	Winter	Rare but regular
Diomedeidae (Albatrosses)	Phoebastria (Albatrosses)	Black-footed Albatross	Summer	Rare but regular
Diomedeidae (Albatrosses)	Phoebastria (Albatrosses)	Laysan Albatross	Summer	Rare but regular
Diomedeidae (Albatrosses)	Phoebastria (Albatrosses)	Short-tailed Albatross	Summer	Rare but regular
Procellariidae (Shearwaters)	Calonectris (Shearwaters)	Cory's Shearwater	Summer	Common
Procellariidae (Shearwaters)	Calonectris (Shearwaters)	Scopoli's Shearwater	Summer	Uncommon
Procellariidae (Shearwaters)	Ardenna (Shearwaters)	Great Shearwater	Summer	Common
Procellariidae (Shearwaters)	Ardenna (Shearwaters)	Sooty Shearwater	Summer	Common
Procellariidae (Shearwaters)	Ardenna (Shearwaters)	Short-tailed Shearwater	Fall	Uncommon
Procellariidae (Shearwaters)	Puffinus (Shearwaters)	Manx Shearwater	Summer	Common
Procellariidae (Shearwaters)	Puffinus (Shearwaters)	Audubon's Shearwater	Summer	Common
Procellariidae (Petrels)	Pterodroma (Petrels)	Black-capped Petrel	Summer	Uncommon
Procellariidae (Petrels)	Pterodroma (Petrels)	Fea's Petrel	Summer	Rare but regular
Procellariidae (Petrels)	Pterodroma (Petrels)	Bermuda Petrel	Summer	Rare but regular
Procellariidae (Petrels)	Pterodroma (Petrels)	Trindade Petrel	Summer	Rare but regular
Procellariidae (Petrels)	Pterodroma (Petrels)	Herald Petrel	Summer	Rare but regular
Hydrobatidae (Northern Storm-Petrels)	Hydrobates (Storm-Petrels)	Leach's Storm-Petrel	Summer	Common
Hydrobatidae (Northern Storm-Petrels)	Hydrobates (Storm-Petrels)	Band-rumped Storm-Petrel	Summer	Uncommon
Oceanitidae (Southern Storm-Petrels)	Oceanites (Storm-Petrels)	Wilson's Storm-Petrel	Summer	Common
Oceanitidae (Southern Storm-Petrels)	Fregetta (Storm-Petrels)	White-bellied Storm-Petrel	Summer	Rare but regular
Ardeidae (Herons)	Botaurus (Bitterns)	American Bittern	Winter	Uncommon
Ardeidae (Herons)	Ixobrychus (Bitterns)	Least Bittern	Summer	Uncommon
Ardeidae (Herons)	Ardea (Herons)	Great Blue Heron	All seasons	Common
Ardeidae (Herons)	Ardea (Herons)	Great Egret	All seasons	Common
Ardeidae (Herons)	Ardea (Herons)	Intermediate Egret	Summer	Rare but regular
Ardeidae (Herons)	Ardea (Herons)	Gray Heron	Winter	Rare but regular
Ardeidae (Herons)	Ardea (Herons)	Purple Heron	Summer	Rare but regular
Ardeidae (Herons)	Egretta (Egrets)	Snowy Egret	All seasons	Common
Ardeidae (Herons)	Egretta (Egrets)	Little Blue Heron	All seasons	Common
Ardeidae (Herons)	Egretta (Egrets)	Tricolored Heron	All seasons	Common
Ardeidae (Herons)	Egretta (Egrets)	Reddish Egret	Summer	Uncommon
Ardeidae (Herons)	Egretta (Egrets)	Little Egret	Summer	Rare but regular
Ardeidae (Herons)	Egretta (Egrets)	Western Reef-Heron	Summer	Rare but regular
Ardeidae (Herons)	Butorides (Herons)	Green Heron	All seasons	Common
Ardeidae (Herons)	Nycticorax (Night-Herons)	Black-crowned Night-Heron	All seasons	Common
Ardeidae (Herons)	Nycticorax (Night-Herons)	Yellow-crowned Night-Heron	All seasons	Common
Ardeidae (Herons)	Ardeola (Herons)	Squacco Heron	Summer	Rare but regular
Ardeidae (Herons)	Ardeola (Herons)	Chinese Pond-Heron	Summer	Rare but regular
Threskiornithidae (Ibises)	Eudocimus (Ibises)	White Ibis	All seasons	Common
Threskiornithidae (Ibises)	Eudocimus (Ibises)	Scarlet Ibis	Summer	Rare but regular
Threskiornithidae (Ibises)	Plegadis (Ibises)	Glossy Ibis	Summer	Common
Threskiornithidae (Ibises)	Plegadis (Ibises)	White-faced Ibis	Summer	Uncommon
Threskiornithidae (Ibises)	Plegadis (Ibises)	Glossy Ibis (Atlantic)	Summer	Common
Threskiornithidae (Ibises)	Plegadis (Ibises)	White-faced Ibis (Atlantic)	Summer	Uncommon
Threskiornithidae (Ibises)	Threskiornis (Ibises)	Sacred Ibis	Summer	Rare but regular
Threskiornithidae (Ibises)	Threskiornis (Ibises)	Australian White Ibis	Summer	Rare but regular
Threskiornithidae (Ibises)	Threskiornis (Ibises)	African Sacred Ibis	Summer	Rare but regular
Threskiornithidae (Ibises)	Threskiornis (Ibises)	Black-headed Ibis	Summer	Rare but regular
Threskiornithidae (Ibises)	Threskiornis (Ibises)	Straw-necked Ibis	Summer	Rare but regular
Threskiornithidae (Ibises)	Threskiornis (Ibises)	Madagascar Sacred Ibis	Summer	Rare but regular
Threskiornithidae (Ibises)	Threskiornis (Ibises)	Himalayan Ibis	Summer	Rare but regular
Threskiornithidae (Spoonbills)	Platalea (Spoonbills)	Roseate Spoonbill	Summer	Uncommon
Threskiornithidae (Spoonbills)	Platalea (Spoonbills)	Eurasian Spoonbill	Summer	Rare but regular
Threskiornithidae (Spoonbills)	Platalea (Spoonbills)	African Spoonbill	Summer	Rare but regular
Threskiornithidae (Spoonbills)	Platalea (Spoonbills)	Black-faced Spoonbill	Summer	Rare but regular
Threskiornithidae (Spoonbills)	Platalea (Spoonbills)	Royal Spoonbill	Summer	Rare but regular
Pelecanidae (Pelicans)	Pelecanus (Pelicans)	Brown Pelican	All seasons	Common
Pelecanidae (Pelicans)	Pelecanus (Pelicans)	American White Pelican	Winter	Uncommon
Pelecanidae (Pelicans)	Pelecanus (Pelicans)	Great White Pelican	Summer	Rare but regular
Pelecanidae (Pelicans)	Pelecanus (Pelicans)	Pink-backed Pelican	Summer	Rare but regular
Pelecanidae (Pelicans)	Pelecanus (Pelicans)	Dalmatian Pelican	Winter	Rare but regular
Pelecanidae (Pelicans)	Pelecanus (Pelicans)	Spot-billed Pelican	Summer	Rare but regular
Pelecanidae (Pelicans)	Pelecanus (Pelicans)	Australian Pelican	Summer	Rare but regular
Pelecanidae (Pelicans)	Pelecanus (Pelicans)	Peruvian Pelican	Summer	Rare but regular
Pelecanidae (Pelicans)	Pelecanus (Pelicans)	Brown Pelican (Atlantic)	All seasons	Common
Pelecanidae (Pelicans)	Pelecanus (Pelicans)	American White Pelican (Atlantic)	Winter	Uncommon
Pelecanidae (Pelicans)	Pelecanus (Pelicans)	Great White Pelican (Atlantic)	Summer	Rare but regular
Pelecanidae (Pelicans)	Pelecanus (Pelicans)	Dalmatian Pelican (Atlantic)	Winter	Rare but regular
Pelecanidae (Pelicans)	Pelecanus (Pelicans)	Pink-backed Pelican (Atlantic)	Summer	Rare but regular
Pelecanidae (Pelicans)	Pelecanus (Pelicans)	Spot-billed Pelican (Atlantic)	Summer	Rare but regular
Pelecanidae (Pelicans)	Pelecanus (Pelicans)	Australian Pelican (Atlantic)	Summer	Rare but regular
Pelecanidae (Pelicans)	Pelecanus (Pelicans)	Peruvian Pelican (Atlantic)	Summer	Rare but regular
Pelecanidae (Pelicans)	Pelecanus (Pelicans)	Brown Pelican (Gulf Stream)	Summer	Common
Pelecanidae (Pelicans)	Pelecanus (Pelicans)	American White Pelican (Gulf Stream)	Winter	Uncommon
Phalacrocoracidae (Cormorants)	Nannopterum (Cormorants)	Double-crested Cormorant	All seasons	Common
Phalacrocoracidae (Cormorants)	Nannopterum (Cormorants)	Neotropic Cormorant	Summer	Uncommon
Phalacrocoracidae (Cormorants)	Phalacrocorax (Cormorants)	Great Cormorant	Winter	Uncommon
Phalacrocoracidae (Cormorants)	Phalacrocorax (Cormorants)	European Shag	Winter	Rare but regular
Phalacrocoracidae (Cormorants)	Phalacrocorax (Cormorants)	Pelagic Cormorant	Winter	Rare but regular
Phalacrocoracidae (Cormorants)	Urile (Cormorants)	Red-faced Cormorant	Winter	Rare but regular
Phalacrocoracidae (Cormorants)	Urile (Cormorants)	Brandt's Cormorant	Winter	Rare but regular
Phalacrocoracidae (Cormorants)	Urile (Cormorants)	Double-crested Cormorant (Atlantic)	All seasons	Common
Phalacrocoracidae (Cormorants)	Urile (Cormorants)	Neotropic Cormorant (Atlantic)	Summer	Uncommon
Phalacrocoracidae (Cormorants)	Urile (Cormorants)	Great Cormorant (Atlantic)	Winter	Uncommon
Phalacrocoracidae (Cormorants)	Urile (Cormorants)	European Shag (Atlantic)	Winter	Rare but regular
Phalacrocoracidae (Cormorants)	Urile (Cormorants)	Pelagic Cormorant (Atlantic)	Winter	Rare but regular
Phalacrocoracidae (Cormorants)	Urile (Cormorants)	Red-faced Cormorant (Atlantic)	Winter	Rare but regular
Phalacrocoracidae (Cormorants)	Urile (Cormorants)	Brandt's Cormorant (Atlantic)	Winter	Rare but regular
Phalacrocoracidae (Cormorants)	Leucocarbo (Shags)	Blue-eyed Shag	Winter	Rare but regular
Phalacrocoracidae (Cormorants)	Leucocarbo (Shags)	Imperial Shag	Winter	Rare but regular
Phalacrocoracidae (Cormorants)	Leucocarbo (Shags)	Kerguelen Shag	Winter	Rare but regular
Phalacrocoracidae (Cormorants)	Leucocarbo (Shags)	South Georgia Shag	Winter	Rare but regular
Rallidae (Rails)	Rallus (Rails)	Clapper Rail	All seasons	Common
Rallidae (Rails)	Rallus (Rails)	King Rail	All seasons	Uncommon
Rallidae (Rails)	Rallus (Rails)	Virginia Rail	Winter	Common
Rallidae (Rails)	Rallus (Rails)	Sora	Winter	Common
Rallidae (Rails)	Laterallus (Rails)	Black Rail	Summer	Rare but regular
Rallidae (Rails)	Laterallus (Rails)	Yellow Rail	Winter	Uncommon
Rallidae (Rails)	Crex (Rails)	Corn Crake	Summer	Rare but regular
Rallidae (Rails)	Porzana (Crakes)	Spotted Crake	Fall	Rare but regular
Rallidae (Rails)	Porzana (Crakes)	Baillon's Crake	Fall	Rare but regular
Rallidae (Rails)	Porzana (Crakes)	Little Crake	Fall	Rare but regular
Rallidae (Rails)	Gallinula (Gallinules)	Common Gallinule	All seasons	Common
Rallidae (Rails)	Porphyrio (Swamphens)	Purple Gallinule	Summer	Uncommon
Rallidae (Rails)	Porphyrio (Swamphens)	Gray-headed Swamphen	All seasons	Uncommon
Rallidae (Rails)	Fulica (Coots)	American Coot	All seasons	Common
Rallidae (Rails)	Fulica (Coots)	Eurasian Coot	Winter	Rare but regular
Rallidae (Rails)	Amaurornis (Rails)	White-breasted Waterhen	Summer	Rare but regular
Rallidae (Rails)	Amaurornis (Rails)	Ruddy-breasted Crake	Summer	Rare but regular
Rallidae (Rails)	Zapornia (Crakes)	Black-tailed Crake	Summer	Rare but regular
Rallidae (Rails)	Zapornia (Crakes)	White-browed Crake	Summer	Rare but regular
Gruidae (Cranes)	Antigone (Cranes)	Sandhill Crane	Winter	Common
Gruidae (Cranes)	Antigone (Cranes)	Sandhill Crane (Greater)	Winter	Common
Gruidae (Cranes)	Antigone (Cranes)	Sandhill Crane (Lesser)	Winter	Common
Gruidae (Cranes)	Antigone (Cranes)	Sandhill Crane (Canadian)	Winter	Common
Gruidae (Cranes)	Antigone (Cranes)	Sandhill Crane (Florida)	All seasons	Uncommon
Gruidae (Cranes)	Antigone (Cranes)	Sandhill Crane (Mississippi)	All seasons	Rare but regular
Gruidae (Cranes)	Grus (Cranes)	Whooping Crane	Winter	Rare but regular
Gruidae (Cranes)	Grus (Cranes)	Common Crane	Winter	Rare but regular
Gruidae (Cranes)	Grus (Cranes)	Hooded Crane	Winter	Rare but regular
Gruidae (Cranes)	Grus (Cranes)	White-naped Crane	Winter	Rare but regular
Gruidae (Cranes)	Grus (Cranes)	Siberian Crane	Winter	Rare but regular
Gruidae (Cranes)	Grus (Cranes)	Demoiselle Crane	Fall	Rare but regular
Gruidae (Cranes)	Grus (Cranes)	Black-necked Crane	Winter	Rare but regular
Gruidae (Cranes)	Grus (Cranes)	Wattled Crane	Winter	Rare but regular
Gruidae (Cranes)	Grus (Cranes)	Blue Crane	Winter	Rare but regular
Gruidae (Cranes)	Grus (Cranes)	Brolga	Summer	Rare but regular
Gruidae (Cranes)	Grus (Cranes)	White-winged Crane	Winter	Rare but regular
Gruidae (Cranes)	Grus (Cranes)	Common Crane (Atlantic)	Winter	Rare but regular
Anatidae (Waterfowl)	Branta (Geese)	Canada Goose	All seasons	Common
Anatidae (Waterfowl)	Branta (Geese)	Cackling Goose	Winter	Uncommon
Anatidae (Waterfowl)	Branta (Geese)	Barnacle Goose	Winter	Rare but regular
Anatidae (Waterfowl)	Branta (Geese)	Brant	Winter	Uncommon
Anatidae (Waterfowl)	Anser (Geese)	Greater White-fronted Goose	Winter	Uncommon
Anatidae (Waterfowl)	Anser (Geese)	Pink-footed Goose	Winter	Rare but regular
Anatidae (Waterfowl)	Anser (Geese)	Greylag Goose	Winter	Rare but regular
Anatidae (Waterfowl)	Cygnus (Swans)	Tundra Swan	Winter	Common
Anatidae (Waterfowl)	Cygnus (Swans)	Trumpeter Swan	Winter	Uncommon
Anatidae (Waterfowl)	Cygnus (Swans)	Mute Swan	All seasons	Uncommon
Anatidae (Waterfowl)	Mareca (Dabblers)	Gadwall	Winter	Common
Anatidae (Waterfowl)	Mareca (Dabblers)	American Wigeon	Winter	Common
Anatidae (Waterfowl)	Mareca (Dabblers)	Eurasian Wigeon	Winter	Uncommon
Anatidae (Waterfowl)	Anas (Dabblers)	Mallard	All seasons	Common
Anatidae (Waterfowl)	Anas (Dabblers)	American Black Duck	Winter	Common
Anatidae (Waterfowl)	Anas (Dabblers)	Northern Pintail	Winter	Common
Anatidae (Waterfowl)	Spatula (Dabblers)	Northern Shoveler	Winter	Common
Anatidae (Waterfowl)	Spatula (Dabblers)	Blue-winged Teal	Summer	Common
Anatidae (Waterfowl)	Anas (Dabblers)	Green-winged Teal	Winter	Common
Anatidae (Waterfowl)	Aythya (Diving Ducks)	Canvasback	Winter	Common
Anatidae (Waterfowl)	Aythya (Diving Ducks)	Redhead	Winter	Common
Anatidae (Waterfowl)	Aythya (Diving Ducks)	Ring-necked Duck	Winter	Common
Anatidae (Waterfowl)	Aythya (Diving Ducks)	Greater Scaup	Winter	Uncommon
Anatidae (Waterfowl)	Aythya (Diving Ducks)	Lesser Scaup	Winter	Common
Anatidae (Waterfowl)	Aythya (Diving Ducks)	Tufted Duck	Winter	Rare but regular
Anatidae (Waterfowl)	Bucephala (Goldeneyes)	Common Goldeneye	Winter	Common
Anatidae (Waterfowl)	Bucephala (Goldeneyes)	Barrow's Goldeneye	Winter	Rare but regular
Anatidae (Waterfowl)	Bucephala (Goldeneyes)	Bufflehead	Winter	Common
Anatidae (Waterfowl)	Clangula (Sea Ducks)	Long-tailed Duck	Winter	Uncommon
Anatidae (Waterfowl)	Somateria (Eiders)	Common Eider	Winter	Rare but regular
Anatidae (Waterfowl)	Somateria (Eiders)	King Eider	Winter	Rare but regular
Anatidae (Waterfowl)	Somateria (Eiders)	Steller's Eider	Winter	Rare but regular
Anatidae (Waterfowl)	Melanitta (Scoters)	Black Scoter	Winter	Common
Anatidae (Waterfowl)	Melanitta (Scoters)	Surf Scoter	Winter	Common
Anatidae (Waterfowl)	Melanitta (Scoters)	White-winged Scoter	Winter	Uncommon
Anatidae (Waterfowl)	Melanitta (Scoters)	Velvet Scoter	Winter	Rare but regular
Anatidae (Waterfowl)	Melanitta (Scoters)	Stejneger's Scoter	Winter	Rare but regular
Anatidae (Waterfowl)	Mergus (Mergansers)	Red-breasted Merganser	Winter	Common
Anatidae (Waterfowl)	Mergus (Mergansers)	Common Merganser	Winter	Common
Anatidae (Waterfowl)	Mergus (Mergansers)	Hooded Merganser	All seasons	Common
Anatidae (Waterfowl)	Oxyura (Stifftails)	Ruddy Duck	Winter	Common
Anatidae (Waterfowl)	Oxyura (Stifftails)	Masked Duck	Summer	Rare but regular
Anatidae (Waterfowl)	Dendrocygna (Whistling-Ducks)	Black-bellied Whistling-Duck	All seasons	Uncommon
Anatidae (Waterfowl)	Dendrocygna (Whistling-Ducks)	Fulvous Whistling-Duck	Summer	Uncommon
Anatidae (Waterfowl)	Tadorna (Shelducks)	Common Shelduck	Winter	Rare but regular
Anatidae (Waterfowl)	Tadorna (Shelducks)	Ruddy Shelduck	Winter	Rare but regular
Anatidae (Waterfowl)	Tadorna (Shelducks)	Australian Shelduck	Winter	Rare but regular
Anatidae (Waterfowl)	Alopochen (Egyptian Goose)	Egyptian Goose	All seasons	Uncommon
Anatidae (Waterfowl)	Cairina (Muscovy)	Muscovy Duck	All seasons	Common
Anatidae (Waterfowl)	Cairina (Muscovy)	Wild Muscovy Duck	Summer	Rare but regular
Anatidae (Waterfowl)	Dendrocygna (Whistling-Ducks)	West Indian Whistling-Duck	Summer	Rare but regular
Anatidae (Waterfowl)	Tadorna (Shelducks)	Paradise Shelduck	Winter	Rare but regular
Anatidae (Waterfowl)	Tadorna (Shelducks)	South African Shelduck	Winter	Rare but regular
Anatidae (Waterfowl)	Oxyura (Stifftails)	Andean Duck	Winter	Rare but regular
Accipitridae (Raptors)	Pandion (Osprey)	Osprey	All seasons	Common
Accipitridae (Raptors)	Haliaeetus (Eagles)	Bald Eagle	All seasons	Common
Accipitridae (Raptors)	Haliaeetus (Eagles)	Golden Eagle	Winter	Uncommon
Accipitridae (Raptors)	Aquila (Eagles)	Steppe Eagle	Winter	Rare but regular
Accipitridae (Raptors)	Aquila (Eagles)	Imperial Eagle	Winter	Rare but regular
Accipitridae (Raptors)	Aquila (Eagles)	Greater Spotted Eagle	Winter	Rare but regular
Accipitridae (Raptors)	Clanga (Eagles)	Lesser Spotted Eagle	Fall	Rare but regular
Accipitridae (Raptors)	Gyps (Vultures)	Griffon Vulture	Winter	Rare but regular
Accipitridae (Raptors)	Gyps (Vultures)	Cinereous Vulture	Winter	Rare but regular
Accipitridae (Raptors)	Cathartes (Vultures)	Turkey Vulture	All seasons	Common
Accipitridae (Raptors)	Coragyps (Vultures)	Black Vulture	All seasons	Common
Accipitridae (Raptors)	Gypaetus (Vultures)	Bearded Vulture	Winter	Rare but regular
Accipitridae (Raptors)	Neophron (Vultures)	Egyptian Vulture	Summer	Rare but regular
Accipitridae (Raptors)	Aquila (Eagles)	Bonelli's Eagle	Winter	Rare but regular
Accipitridae (Raptors)	Aquila (Eagles)	Booted Eagle	Fall	Rare but regular
Accipitridae (Raptors)	Aquila (Eagles)	Short-toed Snake-Eagle	Summer	Rare but regular
Accipitridae (Raptors)	Aquila (Eagles)	Martial Eagle	Winter	Rare but regular
Accipitridae (Raptors)	Aquila (Eagles)	Wedge-tailed Eagle	Winter	Rare but regular
Accipitridae (Raptors)	Elanoides (Kites)	Swallow-tailed Kite	Summer	Uncommon
Accipitridae (Raptors)	Ictinia (Kites)	Mississippi Kite	Summer	Common
Accipitridae (Raptors)	Chondrohierax (Kites)	Hook-billed Kite	Summer	Rare but regular
Accipitridae (Raptors)	Circus (Harriers)	Northern Harrier	Winter	Common
Accipitridae (Raptors)	Accipiter (Hawks)	Sharp-shinned Hawk	Winter	Common
Accipitridae (Raptors)	Accipiter (Hawks)	Cooper's Hawk	All seasons	Common
Accipitridae (Raptors)	Accipiter (Hawks)	Northern Goshawk	Winter	Rare but regular
Accipitridae (Raptors)	Buteo (Hawks)	Red-shouldered Hawk	All seasons	Common
Accipitridae (Raptors)	Buteo (Hawks)	Broad-winged Hawk	Summer	Common
Accipitridae (Raptors)	Buteo (Hawks)	Red-tailed Hawk	All seasons	Common
Accipitridae (Raptors)	Buteo (Hawks)	Rough-legged Hawk	Winter	Uncommon
Accipitridae (Raptors)	Buteo (Hawks)	Swainson's Hawk	Fall	Rare but regular
Accipitridae (Raptors)	Buteo (Hawks)	Short-tailed Hawk	Summer	Rare but regular
Accipitridae (Raptors)	Buteo (Hawks)	Zone-tailed Hawk	Summer	Rare but regular
Accipitridae (Raptors)	Geranoaetus (Hawks)	White-tailed Hawk	Summer	Rare but regular
Accipitridae (Raptors)	Buteo (Hawks)	Ferruginous Hawk	Winter	Rare but regular
Accipitridae (Raptors)	Geranoaetus (Hawks)	Black-chested Buzzard-Eagle	Winter	Rare but regular
Accipitridae (Raptors)	Parabuteo (Hawks)	Harris's Hawk	Winter	Rare but regular
Accipitridae (Raptors)	Buteo (Hawks)	Gray Hawk	Summer	Rare but regular
Falconidae (Falcons)	Falco (Falcons)	American Kestrel	All seasons	Common
Falconidae (Falcons)	Falco (Falcons)	Merlin	Winter	Common
Falconidae (Falcons)	Falco (Falcons)	Peregrine Falcon	Winter	Common
Falconidae (Falcons)	Falco (Falcons)	Prairie Falcon	Winter	Rare but regular
Falconidae (Falcons)	Falco (Falcons)	Gyrfalcon	Winter	Rare but regular
Falconidae (Falcons)	Falco (Falcons)	Eurasian Kestrel	Winter	Rare but regular
Falconidae (Falcons)	Falco (Falcons)	Red-footed Falcon	Fall	Rare but regular
Falconidae (Falcons)	Falco (Falcons)	Amur Falcon	Fall	Rare but regular
Falconidae (Falcons)	Falco (Falcons)	Saker Falcon	Winter	Rare but regular
Falconidae (Falcons)	Falco (Falcons)	Lanner Falcon	Winter	Rare but regular
Falconidae (Falcons)	Falco (Falcons)	Hobby	Summer	Rare but regular
Falconidae (Falcons)	Falco (Falcons)	Eleonora's Falcon	Fall	Rare but regular
Falconidae (Falcons)	Caracara (Caracaras)	Crested Caracara	Winter	Rare but regular
Falconidae (Falcons)	Caracara (Caracaras)	Yellow-headed Caracara	Summer	Rare but regular
Falconidae (Falcons)	Falco (Falcons)	Bat Falcon	Summer	Rare but regular
Falconidae (Falcons)	Falco (Falcons)	Aplomado Falcon	Winter	Rare but regular
Falconidae (Falcons)	Falco (Falcons)	Sooty Falcon	Fall	Rare but regular
Falconidae (Falcons)	Falco (Falcons)	Barbary Falcon	Winter	Rare but regular
Tytonidae (Barn Owls)	Tyto (Barn Owls)	Barn Owl	All seasons	Uncommon
Strigidae (Owls)	Megascops (Screech-Owls)	Eastern Screech-Owl	All seasons	Common
Strigidae (Owls)	Megascops (Screech-Owls)	Western Screech-Owl	Winter	Rare but regular
Strigidae (Owls)	Megascops (Screech-Owls)	Whiskered Screech-Owl	Summer	Rare but regular
Strigidae (Owls)	Bubo (Horned Owls)	Great Horned Owl	All seasons	Common
Strigidae (Owls)	Bubo (Horned Owls)	Snowy Owl	Winter	Uncommon
Strigidae (Owls)	Bubo (Horned Owls)	Eurasian Eagle-Owl	Winter	Rare but regular
Strigidae (Owls)	Strix (Wood-Owls)	Barred Owl	All seasons	Common
Strigidae (Owls)	Strix (Wood-Owls)	Great Gray Owl	Winter	Rare but regular
Strigidae (Owls)	Strix (Wood-Owls)	Ural Owl	Winter	Rare but regular
Strigidae (Owls)	Strix (Wood-Owls)	Spotted Owl	Winter	Rare but regular
Strigidae (Owls)	Asio (Long-eared Owls)	Long-eared Owl	Winter	Uncommon
Strigidae (Owls)	Asio (Long-eared Owls)	Short-eared Owl	Winter	Common
Strigidae (Owls)	Aegolius (Saw-whet Owls)	Northern Saw-whet Owl	Winter	Uncommon
Strigidae (Owls)	Aegolius (Saw-whet Owls)	Boreal Owl	Winter	Rare but regular
Strigidae (Owls)	Athene (Little Owls)	Little Owl	Winter	Rare but regular
Strigidae (Owls)	Athene (Little Owls)	Burrowing Owl	Winter	Uncommon
Strigidae (Owls)	Otus (Scops Owls)	Eurasian Scops-Owl	Summer	Rare but regular
Strigidae (Owls)	Otus (Scops Owls)	Oriental Scops-Owl	Summer	Rare but regular
Columbidae (Pigeons & Doves)	Columba (Pigeons)	Rock Pigeon	All seasons	Common
Columbidae (Pigeons & Doves)	Columba (Pigeons)	Band-tailed Pigeon	Winter	Rare but regular
Columbidae (Pigeons & Doves)	Columba (Pigeons)	Stock Dove	Winter	Rare but regular
Columbidae (Pigeons & Doves)	Patagioenas (Pigeons)	Scaly-naped Pigeon	Summer	Rare but regular
Columbidae (Pigeons & Doves)	Patagioenas (Pigeons)	White-crowned Pigeon	Summer	Rare but regular
Columbidae (Pigeons & Doves)	Streptopelia (Turtle-Doves)	Eurasian Collared-Dove	All seasons	Common
Columbidae (Pigeons & Doves)	Streptopelia (Turtle-Doves)	African Collared-Dove	All seasons	Uncommon
Columbidae (Pigeons & Doves)	Streptopelia (Turtle-Doves)	European Turtle-Dove	Fall	Rare but regular
Columbidae (Pigeons & Doves)	Zenaida (Doves)	Mourning Dove	All seasons	Common
Columbidae (Pigeons & Doves)	Zenaida (Doves)	White-winged Dove	Summer	Uncommon
Columbidae (Pigeons & Doves)	Zenaida (Doves)	Zenaida Dove	Summer	Rare but regular
Columbidae (Pigeons & Doves)	Leptotila (Ground-Doves)	White-tipped Dove	Summer	Rare but regular
Columbidae (Pigeons & Doves)	Leptotila (Ground-Doves)	Gray-fronted Dove	Summer	Rare but regular
Columbidae (Pigeons & Doves)	Geotrygon (Quail-Doves)	Key West Quail-Dove	Summer	Rare but regular
Columbidae (Pigeons & Doves)	Geotrygon (Quail-Doves)	Ruddy Quail-Dove	Summer	Rare but regular
Columbidae (Pigeons & Doves)	Columbina (Ground-Doves)	Common Ground Dove	Summer	Uncommon
Columbidae (Pigeons & Doves)	Columbina (Ground-Doves)	Plain-breasted Ground Dove	Summer	Rare but regular
Columbidae (Pigeons & Doves)	Claravis (Ground-Doves)	Blue Ground Dove	Summer	Rare but regular
Caprimulgidae (Nightjars)	Chordeiles (Nighthawks)	Common Nighthawk	Summer	Common
Caprimulgidae (Nightjars)	Chordeiles (Nighthawks)	Lesser Nighthawk	Summer	Rare but regular
Caprimulgidae (Nightjars)	Chordeiles (Nighthawks)	Antillean Nighthawk	Summer	Rare but regular
Caprimulgidae (Nightjars)	Phalaenoptilus (Poorwills)	Common Poorwill	Winter	Rare but regular
Caprimulgidae (Nightjars)	Nyctidromus (Pauraques)	Common Pauraque	Summer	Rare but regular
Caprimulgidae (Nightjars)	Nyctiphrynus (Poorwills)	Ocellated Poorwill	Summer	Rare but regular
Caprimulgidae (Nightjars)	Nyctiphrynus (Poorwills)	Eared Poorwill	Summer	Rare but regular
Caprimulgidae (Nightjars)	Nyctiphrynus (Poorwills)	Yucatan Poorwill	Summer	Rare but regular
Caprimulgidae (Nightjars)	Antrostomus (Nightjars)	Chuck-will's-widow	Summer	Common
Caprimulgidae (Nightjars)	Antrostomus (Nightjars)	Eastern Whip-poor-will	Summer	Common
Caprimulgidae (Nightjars)	Antrostomus (Nightjars)	Mexican Whip-poor-will	Summer	Rare but regular
Caprimulgidae (Nightjars)	Antrostomus (Nightjars)	Buff-collared Nightjar	Summer	Rare but regular
Caprimulgidae (Nightjars)	Antrostomus (Nightjars)	Yucatan Nightjar	Summer	Rare but regular
Caprimulgidae (Nightjars)	Antrostomus (Nightjars)	Ocellated Poorwill	Summer	Rare but regular
Caprimulgidae (Nightjars)	Caprimulgus (Old World Nightjars)	European Nightjar	Spring	Rare but regular
Caprimulgidae (Nightjars)	Caprimulgus (Old World Nightjars)	Egyptian Nightjar	Spring	Rare but regular
Caprimulgidae (Nightjars)	Caprimulgus (Old World Nightjars)	Savanna Nightjar	Summer	Rare but regular
Cuculidae (Cuckoos)	Coccyzus (Cuckoos)	Yellow-billed Cuckoo	Summer	Common
Cuculidae (Cuckoos)	Coccyzus (Cuckoos)	Black-billed Cuckoo	Summer	Uncommon
Cuculidae (Cuckoos)	Coccyzus (Cuckoos)	Mangrove Cuckoo	Summer	Rare but regular
Cuculidae (Cuckoos)	Coccyzus (Cuckoos)	Pearly-breasted Cuckoo	Summer	Rare but regular
Cuculidae (Cuckoos)	Coccyzus (Cuckoos)	Dark-billed Cuckoo	Summer	Rare but regular
Cuculidae (Cuckoos)	Crotophaga (Anis)	Smooth-billed Ani	Summer	Rare but regular
Cuculidae (Cuckoos)	Crotophaga (Anis)	Groove-billed Ani	Summer	Rare but regular
Cuculidae (Cuckoos)	Guira (Anis)	Guira Cuckoo	Summer	Rare but regular
Cuculidae (Cuckoos)	Tapera (Cuckoos)	Striped Cuckoo	Summer	Rare but regular
Cuculidae (Cuckoos)	Piaya (Squirrel-Cuckoos)	Squirrel Cuckoo	Summer	Rare but regular
Cuculidae (Cuckoos)	Piaya (Squirrel-Cuckoos)	Black-bellied Cuckoo	Summer	Rare but regular
Cuculidae (Cuckoos)	Piaya (Squirrel-Cuckoos)	Little Cuckoo	Summer	Rare but regular
Cuculidae (Cuckoos)	Geococcyx (Roadrunners)	Greater Roadrunner	Winter	Rare but regular
Cuculidae (Cuckoos)	Geococcyx (Roadrunners)	Lesser Roadrunner	Winter	Rare but regular
Cuculidae (Cuckoos)	Clamator (Crested Cuckoos)	Great Spotted Cuckoo	Spring	Rare but regular
Cuculidae (Cuckoos)	Clamator (Crested Cuckoos)	Jacobin Cuckoo	Summer	Rare but regular
Cuculidae (Cuckoos)	Cuculus (Old World Cuckoos)	Common Cuckoo	Spring	Rare but regular
Cuculidae (Cuckoos)	Cuculus (Old World Cuckoos)	Oriental Cuckoo	Spring	Rare but regular
Apodidae (Swifts)	Chaetura (Swifts)	Chimney Swift	Summer	Common
Apodidae (Swifts)	Chaetura (Swifts)	Vaux's Swift	Fall	Rare but regular
Apodidae (Swifts)	Chaetura (Swifts)	Short-tailed Swift	Summer	Rare but regular
Apodidae (Swifts)	Cypseloides (Swifts)	Black Swift	Fall	Rare but regular
Apodidae (Swifts)	Aeronautes (Swifts)	White-throated Swift	Winter	Rare but regular
Trochilidae (Hummingbirds)	Archilochus (Hummingbirds)	Ruby-throated Hummingbird	Summer	Common
Trochilidae (Hummingbirds)	Archilochus (Hummingbirds)	Black-chinned Hummingbird	Summer	Uncommon
Trochilidae (Hummingbirds)	Calypte (Hummingbirds)	Anna's Hummingbird	Winter	Rare but regular
Trochilidae (Hummingbirds)	Calypte (Hummingbirds)	Costa's Hummingbird	Winter	Rare but regular
Trochilidae (Hummingbirds)	Selasphorus (Hummingbirds)	Rufous Hummingbird	Winter	Uncommon
Trochilidae (Hummingbirds)	Selasphorus (Hummingbirds)	Allen's Hummingbird	Winter	Rare but regular
Trochilidae (Hummingbirds)	Selasphorus (Hummingbirds)	Broad-tailed Hummingbird	Summer	Rare but regular
Trochilidae (Hummingbirds)	Selasphorus (Hummingbirds)	Calliope Hummingbird	Winter	Rare but regular
Trochilidae (Hummingbirds)	Amazilia (Hummingbirds)	Buff-bellied Hummingbird	Winter	Rare but regular
Trochilidae (Hummingbirds)	Amazilia (Hummingbirds)	White-eared Hummingbird	Summer	Rare but regular
Trochilidae (Hummingbirds)	Lampornis (Hummingbirds)	Blue-throated Mountain-gem	Summer	Rare but regular
Trochilidae (Hummingbirds)	Lampornis (Hummingbirds)	White-throated Mountain-gem	Summer	Rare but regular
Trochilidae (Hummingbirds)	Colibri (Hummingbirds)	Violet-headed Hummingbird	Summer	Rare but regular
Picidae (Woodpeckers)	Melanerpes (Woodpeckers)	Red-headed Woodpecker	All seasons	Common
Picidae (Woodpeckers)	Melanerpes (Woodpeckers)	Red-bellied Woodpecker	All seasons	Common
Picidae (Woodpeckers)	Melanerpes (Woodpeckers)	Yellow-bellied Sapsucker	Winter	Common
Picidae (Woodpeckers)	Sphyrapicus (Sapsuckers)	Red-naped Sapsucker	Winter	Rare but regular
Picidae (Woodpeckers)	Sphyrapicus (Sapsuckers)	Red-breasted Sapsucker	Winter	Rare but regular
Picidae (Woodpeckers)	Sphyrapicus (Sapsuckers)	Williamson's Sapsucker	Winter	Rare but regular
Picidae (Woodpeckers)	Picoides (Woodpeckers)	Downy Woodpecker	All seasons	Common
Picidae (Woodpeckers)	Picoides (Woodpeckers)	Hairy Woodpecker	All seasons	Common
Picidae (Woodpeckers)	Picoides (Woodpeckers)	Red-cockaded Woodpecker	All seasons	Uncommon
Picidae (Woodpeckers)	Picoides (Woodpeckers)	American Three-toed Woodpecker	Winter	Rare but regular
Picidae (Woodpeckers)	Picoides (Woodpeckers)	Black-backed Woodpecker	Winter	Rare but regular
Picidae (Woodpeckers)	Colaptes (Flickers)	Northern Flicker	All seasons	Common
Picidae (Woodpeckers)	Colaptes (Flickers)	Gilded Flicker	Winter	Rare but regular
Picidae (Woodpeckers)	Dryocopus (Woodpeckers)	Pileated Woodpecker	All seasons	Common
Picidae (Woodpeckers)	Dryocopus (Woodpeckers)	Black Woodpecker	Winter	Rare but regular
Picidae (Woodpeckers)	Campephilus (Woodpeckers)	Ivory-billed Woodpecker	Winter	Rare but regular
Picidae (Woodpeckers)	Campephilus (Woodpeckers)	Crimson-crested Woodpecker	Summer	Rare but regular
Picidae (Woodpeckers)	Veniliornis (Woodpeckers)	Red-stained Woodpecker	Summer	Rare but regular
Alcedinidae (Kingfishers)	Megaceryle (Kingfishers)	Belted Kingfisher	All seasons	Common
Alcedinidae (Kingfishers)	Megaceryle (Kingfishers)	Ringed Kingfisher	Summer	Rare but regular
Alcedinidae (Kingfishers)	Megaceryle (Kingfishers)	Amazon Kingfisher	Summer	Rare but regular
Alcedinidae (Kingfishers)	Chloroceryle (Kingfishers)	Green Kingfisher	Summer	Rare but regular
Alcedinidae (Kingfishers)	Chloroceryle (Kingfishers)	Green-and-rufous Kingfisher	Summer	Rare but regular
Alcedinidae (Kingfishers)	Chloroceryle (Kingfishers)	American Pygmy Kingfisher	Summer	Rare but regular
Alcedinidae (Kingfishers)	Alcedo (Kingfishers)	Common Kingfisher	Winter	Rare but regular
Alcedinidae (Kingfishers)	Alcedo (Kingfishers)	Malachite Kingfisher	Summer	Rare but regular
Alcedinidae (Kingfishers)	Alcedo (Kingfishers)	African Pygmy Kingfisher	Summer	Rare but regular
Alcedinidae (Kingfishers)	Halcyon (Tree-Kingfishers)	Brown-hooded Kingfisher	Summer	Rare but regular
Alcedinidae (Kingfishers)	Halcyon (Tree-Kingfishers)	Striped Kingfisher	Summer	Rare but regular
Alcedinidae (Kingfishers)	Halcyon (Tree-Kingfishers)	Woodland Kingfisher	Summer	Rare but regular
Alcedinidae (Kingfishers)	Todiramphus (Kingfishers)	Collared Kingfisher	Summer	Rare but regular
Alcedinidae (Kingfishers)	Todiramphus (Kingfishers)	Sacred Kingfisher	Winter	Rare but regular
Alcedinidae (Kingfishers)	Todiramphus (Kingfishers)	Forest Kingfisher	Summer	Rare but regular
Alcedinidae (Kingfishers)	Dacelo (Kingfishers)	Laughing Kookaburra	All seasons	Uncommon
Alcedinidae (Kingfishers)	Dacelo (Kingfishers)	Blue-winged Kookaburra	Summer	Rare but regular
Alcedinidae (Kingfishers)	Ceryle (Kingfishers)	Pied Kingfisher	Winter	Rare but regular
Coraciidae (Rollers)	Coracias (Rollers)	European Roller	Spring	Rare but regular
Coraciidae (Rollers)	Coracias (Rollers)	Lilac-breasted Roller	Summer	Rare but regular
Coraciidae (Rollers)	Coracias (Rollers)	Abyssinian Roller	Summer	Rare but regular
Coraciidae (Rollers)	Eurystomus (Rollers)	Dollarbird	Summer	Rare but regular
Meropidae (Bee-eaters)	Merops (Bee-eaters)	European Bee-eater	Spring	Rare but regular
Meropidae (Bee-eaters)	Merops (Bee-eaters)	Blue-cheeked Bee-eater	Spring	Rare but regular
Meropidae (Bee-eaters)	Merops (Bee-eaters)	White-throated Bee-eater	Summer	Rare but regular
Meropidae (Bee-eaters)	Merops (Bee-eaters)	Little Bee-eater	Summer	Rare but regular
Meropidae (Bee-eaters)	Merops (Bee-eaters)	Blue-tailed Bee-eater	Summer	Rare but regular
Momotidae (Motmots)	Momotus (Motmots)	Blue-crowned Motmot	Summer	Rare but regular
Momotidae (Motmots)	Momotus (Motmots)	Russet-crowned Motmot	Summer	Rare but regular
Momotidae (Motmots)	Momotus (Motmots)	Whooping Motmot	Summer	Rare but regular
Trogonidae (Trogons)	Trogon (Trogons)	Elegant Trogon	Summer	Rare but regular
Trogonidae (Trogons)	Trogon (Trogons)	Mountain Trogon	Summer	Rare but regular
Trogonidae (Trogons)	Trogon (Trogons)	Collared Trogon	Summer	Rare but regular
Trogonidae (Trogons)	Trogon (Trogons)	Black-headed Trogon	Summer	Rare but regular
Trogonidae (Trogons)	Trogon (Trogons)	Slaty-tailed Trogon	Summer	Rare but regular
Trogonidae (Trogons)	Trogon (Trogons)	Citreoline Trogon	Summer	Rare but regular
Upupidae (Hoopoes)	Upupa (Hoopoes)	Eurasian Hoopoe	Spring	Rare but regular
Phoeniculidae (Woodhoopoes)	Phoeniculus (Woodhoopoes)	Green Woodhoopoe	Summer	Rare but regular
Phoeniculidae (Woodhoopoes)	Rhinopomastus (Scimitarbills)	Common Scimitarbill	Summer	Rare but regular
Bucerotidae (Hornbills)	Tockus (Hornbills)	Red-billed Hornbill	Summer	Rare but regular
Bucerotidae (Hornbills)	Tockus (Hornbills)	Eastern Yellow-billed Hornbill	Summer	Rare but regular
Bucerotidae (Hornbills)	Buceros (Hornbills)	Great Hornbill	Summer	Rare but regular
Bucerotidae (Hornbills)	Anthracoceros (Hornbills)	Oriental Pied-Hornbill	Summer	Rare but regular
Bucorvidae (Ground-Hornbills)	Bucorvus (Ground-Hornbills)	Southern Ground-Hornbill	Summer	Rare but regular
Lybiidae (African Barbets)	Lybius (Barbets)	Black-collared Barbet	Summer	Rare but regular
Lybiidae (African Barbets)	Trachyphonus (Barbets)	Crested Barbet	Summer	Rare but regular
Megalaimidae (Asian Barbets)	Psilopogon (Barbets)	Blue-throated Barbet	Summer	Rare but regular
Megalaimidae (Asian Barbets)	Psilopogon (Barbets)	Lineated Barbet	Summer	Rare but regular
Megalaimidae (Asian Barbets)	Psilopogon (Barbets)	Coppersmith Barbet	Summer	Rare but regular
Ramphastidae (Toucans)	Ramphastos (Toucans)	Keel-billed Toucan	Summer	Rare but regular
Ramphastidae (Toucans)	Ramphastos (Toucans)	Chestnut-mandibled Toucan	Summer	Rare but regular
Ramphastidae (Toucans)	Selenidera (Toucanets)	Guianan Toucanet	Summer	Rare but regular
Semnornithidae (Toucan-Barbets)	Semnornis (Toucan-Barbets)	Toucan Barbet	Summer	Rare but regular
Psittacidae (New World Parrots)	Eupsittula (Conures)	Monk Parakeet	All seasons	Common
Psittacidae (New World Parrots)	Eupsittula (Conures)	Nanday Parakeet	All seasons	Uncommon
Psittacidae (New World Parrots)	Eupsittula (Conures)	Green Parakeet	Summer	Rare but regular
Psittacidae (New World Parrots)	Eupsittula (Conures)	Mitred Parakeet	All seasons	Uncommon
Psittacidae (New World Parrots)	Eupsittula (Conures)	Red-masked Parakeet	All seasons	Uncommon
Psittacidae (New World Parrots)	Aratinga (Conures)	Sun Parakeet	Summer	Rare but regular
Psittacidae (New World Parrots)	Aratinga (Conures)	Jenday Parakeet	All seasons	Uncommon
Psittacidae (New World Parrots)	Aratinga (Conures)	Blue-crowned Parakeet	All seasons	Uncommon
Psittacidae (New World Parrots)	Brotogeris (Parakeets)	White-winged Parakeet	All seasons	Uncommon
Psittacidae (New World Parrots)	Brotogeris (Parakeets)	Canary-winged Parakeet	All seasons	Uncommon
Psittacidae (New World Parrots)	Amazona (Amazons)	Yellow-headed Amazon	All seasons	Rare but regular
Psittacidae (New World Parrots)	Amazona (Amazons)	Red-lored Amazon	All seasons	Uncommon
Psittacidae (New World Parrots)	Amazona (Amazons)	Lilac-crowned Amazon	All seasons	Uncommon
Psittacidae (New World Parrots)	Amazona (Amazons)	White-fronted Amazon	Summer	Rare but regular
Psittaculidae (Old World Parrots)	Psittacula (Parakeets)	Rose-ringed Parakeet	All seasons	Common
Psittaculidae (Old World Parrots)	Psittacula (Parakeets)	Alexandrine Parakeet	All seasons	Uncommon
Psittaculidae (Old World Parrots)	Psittacula (Parakeets)	Plum-headed Parakeet	Summer	Rare but regular
Psittaculidae (Old World Parrots)	Eclectus (Parrots)	Eclectus Parrot	All seasons	Uncommon
Cacatuidae (Cockatoos)	Cacatua (Cockatoos)	Sulphur-crested Cockatoo	All seasons	Uncommon
